County,District CCDDD,District Name,Basic Ed Enrollment Range,Basic Ed  AAFTE Enrollment 2009-10 ,Basic Education Total Costs ,Basic Ed - Total Costs Per Student,Basic Ed - Staff Costs Per Student,Basic Ed - Non-employee Related Costs per Student,Special Ed Programs Average Annual Student Count ,Special Ed Programs Total Costs ,Special Ed Costs Per Student,Transitional Bilingual Average Annual Student Count ,Transitional Bilingual  Total Costs  ,Transitional Bilingual Costs Per Student,Totals Revenues per student By Revenue Type,State,Federal,Local Tax,Local Other,All Teacher FTE - Basic Ed Programs,All Certificated Instructional Staff FTE - Basic Ed ,Basic Ed Student to Teacher Ratio,Basic Ed Student to All Certificated Instructional Staff Ratio,October Ridership Count,Total Transportation Costs,Annual Transportation Cost Per October Student Ridership Count,Reported Number of Student Transportation Trips,Transportation Costs Per Student Trip
ADAMS,1109,Washtucna,<100,59.18,981502.39,16585.03532,15576.40267,1008.632646,5.625,79617.86,14154.28622,0,0,0,33832.72001,27201.17286,3637.563366,2991.46857,2.51520784,11.354,10.354,5.715665443,5.212259996,34,121085.72,3561.344706,14400,8.408730556
ADAMS,1122,Benge,<100,6.78,165138.92,24356.77286,22944.12684,1412.646018,4,32100.56,8025.14,0,0,0,59573.16519,52639.4469,2866.716814,4067.001475,0,2,2,3.39,3.39,4,47500.35,11875.0875,1440,32.98635417
ADAMS,1147,Othello,> 3500 and < 5000,3655.75,14805486.21,4049.917585,3704.230046,345.6875388,398.75,2624890.93,6582.798571,1317.125,1317108.34,999.9873512,9328.281554,6502.26173,2163.911504,662.1083198,0,158.158,147.214,24.83289633,23.11454368,1268,955782.17,753.7714274,476820,2.004492618
ADAMS,1158,Lind,> 100 and < 250,205.36,1498287.28,7295.906116,6615.75112,680.1549961,22,183126.48,8323.930909,25.375,18863.35,743.3832512,16248.94235,11189.47999,1748.911959,2876.968884,433.5815154,15.092,15.092,13.60720912,13.60720912,87,332757.92,3824.803678,33660,9.885856209
ADAMS,1160,Ritzville,> 250 and < 500,337.1,2314212.49,6865.062266,6336.672412,528.3898546,21.25,198977.97,9363.669176,0,0,0,13015.14435,8429.702017,1553.072382,2619.409166,412.9607832,21.958,21.958,15.3520357,15.3520357,87,421453.39,4844.291839,31680,13.30345297
ASOTIN,2250,Clarkston,> 2000 and < 3500,2717.34,13127229.69,4830.911734,4325.291149,505.6205848,541.5,3093063.87,5712.029307,22.25,23327.18,1048.412584,9860.338025,6484.843542,1994.464859,1377.052228,3.977397013,115.736,107.236,25.33981126,23.47877929,584,691295.88,1183.725822,236340,2.925005839
ASOTIN,2420,Asotin-Anatone,> 500 and < 1000,630.81,3461906.35,5488.033401,4682.163916,805.8694853,99.875,783014.6,7839.945932,0,0,0,10340.63136,7178.429036,1301.084257,1861.11807,0,32.82,30.82,20.46755354,19.2202925,173,327735.43,1894.424451,63000,5.202149683
BENTON,3017,Kennewick,> 10000,15586.06,72613259.1,4658.859205,4304.944165,353.9150395,1854.875,15843018.78,8541.286491,1746.25,1717764.57,983.6876564,9267.443626,6557.213962,1279.024971,1392.084305,39.12038706,700.777,639.715,24.36406837,22.24111237,3942,3972107.42,1007.6376,1871064,2.122913711
BENTON,3050,Paterson,<100,97.94,422655.15,4315.449765,3706.529202,608.9205636,13.125,84416.49,6431.732571,33.25,32192.3,968.1894737,13864.15744,8199.55728,3330.047376,2334.552787,0,4.665,4.665,20.99464094,20.99464094,126,180788.59,1434.830079,45360,3.985639109
BENTON,3052,Kiona-Benton City,> 1000 and < 2000,1478.7,7222420.5,4884.304118,4289.315622,594.9884967,240.125,1656618.64,6898.984446,210.375,228270.35,1085.064052,10297.06081,6705.135802,2034.982485,1454.039974,102.9025495,66.834,62.534,23.64633639,22.12496633,626,451762.29,721.665,249120,1.813432442
BENTON,3053,Finley,> 500 and < 1000,977.86,4863041.84,4973.147322,4486.902737,486.2445851,135.375,913957.18,6751.299575,123.5,111223.59,900.5958704,10227.21697,6981.832461,1644.746692,1596.525065,4.112756427,45.946,41.946,23.31235398,21.28281026,528,380755.94,721.1286742,197100,1.931790665
BENTON,3116,Prosser,> 2000 and < 3500,2917.19,14435780.65,4948.522602,4568.562644,379.959958,371.25,2471564.83,6657.413684,573.875,491459.1,856.3870181,9670.081092,6780.121802,1618.464498,1258.53375,12.96104128,136.012,125.512,23.24231946,21.448034,1236,1004052.57,812.340267,464184,2.16304864
BENTON,3400,Richland,> 10000,10543.55,52591636.43,4988.038794,4506.79104,481.2477543,1185,8200301.72,6920.08584,239.125,241148.16,1008.46068,9263.583215,6186.965265,1149.080248,1924.629092,2.908610477,455.29,429.373,24.55568934,23.1578774,2686,2912338.92,1084.266165,1275768,2.28281233
CHELAN,4019,Manson,> 500 and < 1000,598.96,3185808.57,5318.900377,4950.055897,368.8444804,69.125,473576.87,6851.021627,198.75,197352.39,992.968,11560.02718,7747.761052,1959.799669,1834.44821,18.0182483,29.503,28.393,21.0953404,20.30166424,416,218108.54,524.299375,155340,1.404071971
CHELAN,4069,Stehekin,<100,20.88,142117.35,6806.386494,5944.935824,861.4506705,0,0,0,0,0,0,15109.04071,14355.71121,663.6738506,81.1585249,8.497126437,1,1,20.88,20.88,0,0,0,0,0
CHELAN,4127,Entiat,> 250 and < 500,338.98,1921474.05,5668.399463,5217.91852,450.4809428,40.5,294698.4,7276.503704,41.375,28897.55,698.4302115,11206.70057,8149.58735,1545.733465,1510.376748,1.003009027,20.121,20.121,16.8470752,16.8470752,226,142927.11,632.4208407,84420,1.693047974
CHELAN,4129,Lake Chelan,> 1000 and < 2000,1332.88,7565588.76,5676.121451,4920.883035,755.2384161,140.125,1039424.11,7417.834862,305.75,291201.02,952.4154374,10901.47553,7019.061949,1514.91144,2096.585409,270.9167292,64.127,60.411,22.06353148,20.78500476,630,595736.41,945.6133492,238428,2.498600877
CHELAN,4222,Cashmere,> 1000 and < 2000,1412.14,7057687.54,4997.866741,4612.213916,385.6528248,113.5,910998.58,8026.419207,206,233183.91,1131.960728,9076.89814,6283.779802,1429.662569,1359.717181,3.738588242,63.625,59.625,23.68368973,22.19473477,388,277331.03,714.7706959,145080,1.911573132
CHELAN,4228,Cascade,> 1000 and < 2000,1187.39,6168313.76,5194.850689,4815.339829,379.51086,125.625,973744.69,7751.201512,166.375,142464.82,856.287423,9443.816775,6492.148005,980.0898862,1971.578883,0,59.367,55.117,21.54308108,20.00084222,501,689288.85,1375.826048,185760,3.710641957
CHELAN,4246,Wenatchee,> 5000 and < 10000,7866.18,36406975.34,4628.291666,4185.263725,443.0279411,841.625,6595738.12,7836.908504,1537.625,1415543.04,920.6035542,9308.884976,6293.262458,1558.060356,1449.103564,8.45859871,334.89,302.868,25.97230477,23.48884708,1812,1430959.1,789.7125276,723384,1.978145909
CLALLAM,5121,Port Angeles,> 3500 and < 5000,4057.83,20237332.83,4987.230325,4619.300091,367.9302336,572.625,5129495.99,8957.862458,45.75,35351.5,772.7103825,9801.515103,6485.951087,1261.635608,2049.527038,4.401369698,182.899,177.899,22.80974036,22.18617926,1161,1634197.94,1407.577898,477612,3.421601509
CLALLAM,5313,Crescent,> 250 and < 500,351.9,2038323.66,5792.337766,4555.207388,1237.130378,30.875,189850.19,6148.994008,0,0,0,9780.186104,7488.308696,1080.184058,1200.759506,10.93384484,17.069,14.571,24.15071032,20.61632199,129,93607.84,725.6421705,46440,2.015672696
CLALLAM,5323,Sequim,> 2000 and < 3500,2835.95,14135658.11,4984.452515,4356.221481,628.2310337,351.625,2629011.95,7476.749236,30,29809.8,993.66,8602.241792,6082.43633,1096.343102,1353.942086,69.52027363,130.597,121.996,23.24625398,21.71527677,950,862948.15,908.3664737,362340,2.381597809
CLALLAM,5401,Cape Flattery,> 250 and < 500,447.94,3596551.43,8029.09191,7181.847881,847.2440282,57.75,444055.87,7689.279134,77.125,84864.25,1100.34684,17557.83065,9367.174264,7235.761129,943.5764388,11.31881502,33.288,30.088,14.88766286,13.45650084,195,222187.7,1139.424103,70200,3.165066952
CLALLAM,5402,Quillayute Valley,> 2000 and < 3500,3385.65,14338154.53,4234.978373,1191.258216,3043.720157,307.125,1936291.09,6304.570094,107.375,100738.71,938.1952037,7117.240796,5807.137725,1044.076458,196.5545375,69.47207479,134.073,124.393,27.21736754,25.25228793,490,456588.09,931.8124286,223920,2.039067926
CLARK,6037,Vancouver,> 10000,21909.86,115021278.4,5249.749584,4839.654602,410.0949824,2697.875,22226723.99,8238.604083,1864.875,1863649.11,999.3426423,9573.398257,6281.934672,1376.160765,1871.849845,43.45297551,1017.546,912.116,24.02091401,21.5320585,7825,6899850.23,881.7699974,3356928,2.055406083
CLARK,6098,Hockinson,> 1000 and < 2000,1945.38,9483921.18,4875.099559,4384.107341,490.9922175,221,1274203.63,5765.627285,26.375,29041.8,1101.1109,8541.185979,6155.825386,471.1554401,1892.967657,21.23749602,89,84,23.15928571,21.85820225,1063,1065791.72,1002.626265,392040,2.718579023
CLARK,6101,La Center,> 1000 and < 2000,1494.54,7957660.16,5324.487909,4866.042388,458.4455217,185.625,1071395.2,5771.825993,19.375,23660.19,1221.171097,8440.729321,6080.710426,508.2912936,1834.132757,17.59484524,72.9,68.9,21.69143687,20.50123457,847,334283.37,394.667497,321660,1.039244451
CLARK,6103,Green Mountain,> 100 and < 250,126.18,572759.31,4539.224204,3775.629022,763.5951815,18.25,103673.03,5680.713973,0,0,0,11213.6085,7864.829767,586.0861468,2599.345221,163.3473609,6.054,5.75,21.94434783,20.84241824,119,94697.65,795.7785714,42840,2.210496032
CLARK,6112,Washougal,> 2000 and < 3500,2899.57,14279371.04,4924.651255,4567.77207,356.8791855,436.75,3154874.63,7223.525197,55.25,91711.52,1659.937014,9600.824671,6264.241112,1322.235883,2002.664392,11.68328407,136.851,130.851,22.15932626,21.18778818,1662,1287813.13,774.8574789,637920,2.018769015
CLARK,6114,Evergreen (Clark),> 10000,25954.75,129065257.5,4972.70278,4630.378329,342.3244516,3430.25,30499542.86,8891.346946,2021.375,3647482,1804.455878,9036.786659,6292.314037,1086.764861,1644.030455,13.67730492,1199.18,1071.283,24.22772507,21.64374823,11848,8887512.78,750.1276823,4814568,1.845962666
CLARK,6117,Camas,> 5000 and < 10000,5637.72,28519445.19,5058.684218,4649.960512,408.7237057,745,5956557.3,7995.378926,87.25,101183.23,1159.693181,8860.872324,6113.61903,575.7874283,2148.769845,22.69602073,259.369,237.969,23.69098496,21.73629077,3152,2376152.91,753.8556187,1221048,1.945994678
CLARK,6119,Battle Ground,> 10000,12953.06,62797436.67,4848.07734,4444.287705,403.789635,1649.625,12427178.94,7533.335722,663.5,698964.68,1053.450912,8593.221618,6293.071662,1018.218859,1276.725993,5.205103659,605.764,560.785,23.09808572,21.38301385,6452,6801247.33,1054.130088,2514600,2.704703464
CLARK,6122,Ridgefield,> 2000 and < 3500,2089,10304703.06,4932.840144,4487.939454,444.9006893,271.125,1547424.13,5707.419567,64.875,68490.82,1055.735183,8601.462853,5793.200148,372.5723839,2417.575668,18.11465294,96,90,23.21111111,21.76041667,1052,629589,598.4686312,388440,1.620814025
COLUMBIA,7002,Dayton,> 250 and < 500,495.03,2849160.5,5755.530978,5143.931802,611.5991758,59.625,357491.8,5995.669602,0,0,0,11619.23607,7897.058057,1270.389189,2433.733349,18.05547139,26.31,26.31,18.81527936,18.81527936,96,259427.08,2702.365417,37080,6.996415318
COLUMBIA,7035,Starbuck,<100,24.29,202891.21,8352.869905,6211.640181,2141.229724,2.875,23201.75,8070.173913,0,0,0,20848.91807,20424.97077,307.811445,116.1358584,0,2,2,12.145,12.145,15,56635.79,3775.719333,5580,10.14978315
COWLITZ,8122,Longview,> 5000 and < 10000,6829.43,33340821.7,4881.933295,4492.087091,389.8462039,1000.25,7323965.02,7322.134486,308.875,256337.28,829.906208,9904.382515,6420.905983,1523.901949,1944.94056,14.63402217,297.63,265.88,25.6861366,22.94604039,2163,2286695.47,1057.186995,1068012,2.14107657
COWLITZ,8130,Toutle Lake,> 500 and < 1000,605.95,3584709.73,5915.850697,5455.596732,460.2539648,90.125,515187.45,5716.365603,0,0,0,10397.13204,7308.537058,861.1085733,1816.631521,410.854889,29.196,28.196,21.49063697,20.75455542,375,245220.16,653.9204267,135000,1.81644563
COWLITZ,8401,Castle Rock,> 1000 and < 2000,1354.4,6225579.37,4596.558897,4027.293207,569.2656896,222.5,1234368.31,5547.722742,32.125,16779.81,522.328716,9695.484561,6451.183838,1401.717403,1794.89636,47.68696102,60.895,60.354,22.44093184,22.24156335,682,685993.77,1005.855968,257328,2.665834149
COWLITZ,8402,Kalama,> 1000 and < 2000,1005.88,4654568.78,4627.359904,4081.03575,546.324154,112.875,644665.37,5711.321107,0,0,0,7833.485982,5570.84521,537.3023124,1611.824969,113.5134907,45.635,45.319,22.19554712,22.04185384,438,137654.4,314.2794521,162432,0.847458629
COWLITZ,8404,Woodland,> 2000 and < 3500,2065.69,10332113.18,5001.773344,4472.780843,528.9925013,193.125,1556202.45,8058.006214,107.125,115717.2,1080.207235,10001.1935,6914.978535,1054.605986,1558.926238,472.6827452,93.998,88.898,23.23663075,21.9758931,1106,2805348.68,2536.481627,423756,6.620198133
COWLITZ,8458,Kelso,> 3500 and < 5000,4924.02,22499025.77,4569.239315,4170.73272,398.5065942,687.25,5273417.68,7673.215977,193.125,206504.52,1069.279068,9285.460142,6412.465329,1460.894206,1387.017526,25.08308049,209.839,189.139,26.03386927,23.46570466,2088,1469331.18,703.7026724,831168,1.767790844
DOUGLAS,9013,Orondo,> 100 and < 250,192.26,1560314.55,8115.648341,6602.332779,1513.315562,26.625,153917.01,5780.920563,98.625,86823.61,880.3407858,15210.94466,8374.158743,1767.271039,3573.73463,1495.780246,10.345,10.345,18.58482359,18.58482359,234,161566.7,690.4559829,88812,1.819198982
DOUGLAS,9075,Bridgeport,> 500 and < 1000,765.44,3102033.45,4052.614771,3681.764867,370.8499033,84.375,589162.88,6982.67117,331.125,305947.5,923.9637599,10063.02468,7163.147353,2607.20758,292.6697455,0,33.895,33.395,22.92079653,22.58268181,144,160150.01,1112.152847,56160,2.851673967
DOUGLAS,9102,Palisades,<100,19.66,158666.84,8070.5412,5880.098169,2190.443032,0,1447.73,0,12.625,13696,1084.831683,30878.43388,18449.04273,7513.404374,4915.986775,0,2.234,2.234,8.800358102,8.800358102,44,65870.15,1497.048864,15840,4.158469066
DOUGLAS,9206,Eastmont,> 5000 and < 10000,5382.85,26588535.51,4939.490328,4459.23805,480.2522771,661.5,5061401.17,7651.400106,835.875,851977.25,1019.263945,9524.137847,6560.039702,1550.975667,1394.767276,18.35520217,240.104,229.522,23.45243593,22.41882684,1676,1130821.27,674.7143616,656280,1.723077452
DOUGLAS,9207,Mansfield,<100,81.34,929967.72,11433.09221,10212.567,1220.525203,14,80906.35,5779.025,0,0,0,26015.29063,20850.24711,3084.907426,2080.136095,0,10.422,10.422,7.804644022,7.804644022,31,109860.86,3543.89871,11160,9.844163082
DOUGLAS,9209,Waterville,> 250 and < 500,278.8,1969710.69,7064.959433,6578.537339,486.4220947,49.75,300068.73,6031.532261,13.875,14388.57,1037.014054,12888.02489,9133.36424,1239.558859,2248.107747,266.9940459,18.5,17.617,15.82562298,15.07027027,80,212333.87,2654.173375,31680,6.702458018
FERRY,10003,Keller,<100,23.91,377670.01,15795.48348,4482.649937,11312.83354,5.375,33271.01,6189.955349,0,0,0,51459.0527,21489.4358,28899.18068,1070.436219,0,1.712,1.712,13.9661215,13.9661215,68,137277.21,2018.7825,25380,5.408873522
FERRY,10050,Curlew,> 100 and < 250,225.08,1206273.8,5359.311356,4810.01324,549.2981162,26.25,155254.84,5914.470095,0,0,0,12330.37955,8999.099165,2458.135063,868.7024613,4.442864759,13.056,13.056,17.23958333,17.23958333,116,140436.11,1210.656121,60120,2.335929973
FERRY,10065,Orient,> 100 and < 250,214.28,815244.9,3804.577655,2477.929765,1326.647891,9,56790.41,6310.045556,0,0,0,9387.605703,7250.221066,1654.791254,440.8722699,41.72111256,5.245,5.245,40.85414681,40.85414681,105,314850.13,2998.572667,37800,8.329368519
FERRY,10070,Inchelium,> 100 and < 250,200.44,1711156.77,8537.002445,7725.89099,811.1114548,22.875,190181.53,8313.946667,0,0,0,16411.4993,10145.25274,5980.479096,185.7375274,100.0299341,16.831,15.998,12.52906613,11.90897748,74,166303,2247.337838,26640,6.242605105
FERRY,10309,Republic,> 250 and < 500,402.13,2070255.47,5148.22438,4596.614155,551.6102255,38.125,269485.08,7068.461115,0,0,0,10603.87002,7284.610897,2166.509263,1106.868202,45.88165519,17.957,17.957,22.39405246,22.39405246,206,233186.89,1131.975194,74160,3.144375539
FRANKLIN,11001,Pasco,> 10000,13767.46,61482186.51,4465.761042,4084.344477,381.4165649,1789.75,13226772.76,7390.290689,4924.875,4092815.86,831.0496936,9697.080212,6727.137712,1634.873166,1295.606646,39.46268738,610.502,573.065,24.02425554,22.55104815,4698,4645130.53,988.7463878,1974960,2.352012461
FRANKLIN,11051,North Franklin,> 1000 and < 2000,1982.02,8195828.04,4135.088465,3686.502906,448.5855592,274,1850328.28,6753.02292,690.875,621015.32,898.8823159,9912.071997,6999.56175,1922.21191,990.0755845,0.222752545,82.994,78.023,25.40302219,23.88148541,973,1066627.99,1096.226095,362520,2.94225971
FRANKLIN,11054,Star,<100,10.56,144564.1,13689.7822,12042.39583,1647.386364,0,0,0,0,0,0,26552.51799,24541.77936,1594.643939,416.094697,0,2,2,5.28,5.28,14,64981.13,4641.509286,5040,12.89308135
FRANKLIN,11056,Kahlotus,<100,58.31,976892.12,16753.42343,15761.22998,992.1934488,4.75,60590.77,12755.95158,0,0,0,34200.66781,27370.68427,3760.627851,3046.493054,22.86263077,10.759,10.759,5.419648666,5.419648666,36,58361.73,1621.159167,12960,4.503219907
GARFIELD,12110,Pomeroy,> 250 and < 500,326.9,1897689.39,5805.10673,5300.928663,504.1780667,63.5,300615.17,4734.097165,2,8022.17,4011.085,12277.15353,8492.487427,1664.871061,2115.738391,4.056653411,18.159,17.873,18.29015834,18.00209263,123,217676.52,1769.727805,44280,4.915910569
GRANT,13073,Wahluke,> 1000 and < 2000,1958.65,8219527.45,4196.526919,3746.967427,449.5594925,211.625,1154079.51,5453.417649,1200.5,1092235.69,909.8173178,10262.50256,6940.095423,2585.689511,736.7176269,0,99.847,94.847,20.6506268,19.61651327,1136,595423.66,524.1405458,436680,1.363523999
GRANT,13144,Quincy,> 2000 and < 3500,2572.92,12450602.01,4839.094107,4493.183484,345.9106229,272.375,1989129,7302.90592,860.625,828786.51,963.0053856,10046.65155,6518.800219,2011.201215,1515.133164,1.5169535,116.35,107.637,23.90367625,22.11362269,1157,1238266.01,1070.238557,436680,2.835637103
GRANT,13146,Warden,> 500 and < 1000,956.88,4211280.56,4401.054009,3833.292524,567.7614852,128.375,884236.15,6887.915482,298.375,303167.84,1016.063142,10267.34446,6767.482077,2229.487438,1148.367643,122.007305,36.024,33.784,28.32346673,26.56229181,173,241788.99,1397.62422,66960,3.610946685
GRANT,13151,Coulee-Hartline,> 100 and < 250,177.04,1389390.25,7847.888895,6866.172729,981.7161658,21.125,158451.36,7500.656095,0,0,0,16154.16059,11099.3223,1659.597549,2450.790782,944.4499548,12.158,11.558,15.31752898,14.56160553,78,232331.62,2978.610513,28080,8.273918091
GRANT,13156,Soap Lake,> 250 and < 500,471.24,2347650.14,4981.856676,4614.593413,367.2632629,44.125,319688.72,7245.070142,91.75,95073.55,1036.223978,11657.02771,7478.3251,2951.86387,1226.838745,0,22.41,21.41,22.01027557,21.02811245,274,265431.79,968.7291606,105120,2.525036054
GRANT,13160,Royal,> 1000 and < 2000,1489.82,6742835.63,4525.939798,3969.057537,556.8822609,159.875,1193211.38,7463.401908,589.5,602434.1,1021.940797,9224.438751,6735.82765,1712.622122,775.9889785,0,64.42,61.42,24.25626832,23.12666874,1084,857993.4,791.5068266,392400,2.186527523
GRANT,13161,Moses Lake,> 5000 and < 10000,7468.13,39033422.48,5226.666177,4829.181222,397.4849554,950.125,7588076.56,7986.398169,620.875,624928.53,1006.528738,9215.403551,6457.334338,1320.463358,1392.856607,44.7492478,344.268,322.796,23.13575757,21.69278004,2903,2954971.25,1017.902601,1191420,2.48020954
GRANT,13165,Ephrata,> 2000 and < 3500,2227.25,10012568.15,4495.484634,4114.849361,380.6352722,297.375,1946845.36,6546.76876,176.75,170229.89,963.1111174,9558.064833,6577.168724,1475.707842,1467.592794,37.59547424,90.306,81.806,27.22599809,24.66336678,883,674294.01,763.6398754,331920,2.031495571
GRANT,13167,Wilson Creek,> 100 and < 250,118.24,1010084.76,8542.665426,7702.703062,839.9623647,10.5,106432.77,10136.45429,0,0,0,20372.8684,15940.96211,2371.337365,1752.143353,308.4255751,10.463,10.463,11.30077416,11.30077416,94,173081.48,1841.29234,33840,5.114700946
GRANT,13301,Grand Coulee Dam,> 500 and < 1000,659.14,3716188.72,5637.93537,4886.621128,751.3142428,86.75,767295.35,8844.90317,0,0,0,12898.54334,7120.208939,4257.031147,1507.118108,14.18515035,32.75,31.75,20.76031496,20.12641221,426,333685.88,783.3001878,161100,2.071296586
GRAYS HARBOR,14005,Aberdeen,> 2000 and < 3500,3363.34,16915290.28,5029.313207,4596.804819,432.5083875,524.125,3930189.65,7498.573146,247.5,224257.74,906.0918788,10777.68336,7048.927938,2025.098628,1611.63577,92.02102374,156.015,143.015,23.51739328,21.55779893,720,591099.38,820.9713611,328824,1.797616293
GRAYS HARBOR,14028,Hoquiam,> 1000 and < 2000,1893.21,9095388.4,4804.215275,4455.320899,348.8943752,212.875,1647161.28,7737.692449,42.25,39347.59,931.3039053,9826.796177,6386.327993,1573.334009,1473.268058,393.8661163,82.155,77.958,24.28499962,23.04436735,533,1050716.33,1971.325197,209484,5.015735474
GRAYS HARBOR,14064,North Beach,> 500 and < 1000,654.57,3464461.42,5292.728692,4914.51996,378.2087325,87.625,616312.57,7033.524337,0,0,0,10618.48986,6616.025757,1432.564615,2538.663917,31.2355745,33.68,33.18,19.7278481,19.43497625,435,422265.03,970.7242069,165348,2.553795812
GRAYS HARBOR,14065,McCleary,> 250 and < 500,284.7,1253864.74,4404.161363,3687.08321,717.0781524,35.5,258669.01,7286.450986,0,0,0,10045.94654,6322.807411,1670.726238,1981.144889,71.2680014,12.8,12,23.725,22.2421875,254,157419.78,619.7629134,96372,1.633459719
GRAYS HARBOR,14066,Montesano,> 1000 and < 2000,1221.68,5992228.87,4904.908708,4520.119057,384.7896503,152.875,1119146.01,7320.660736,17.25,22624.12,1311.543188,9258.539732,6437.131614,1178.941376,1609.967234,32.49950887,54.72,51.52,23.71273292,22.32602339,495,471548.6,952.6234343,188568,2.500681982
GRAYS HARBOR,14068,Elma,> 1000 and < 2000,1690.48,8424921.05,4983.744883,4505.555535,478.1893486,280.25,2056269.82,7337.269652,81.875,72028.31,879.735084,9699.753289,6698.510405,1304.130643,1563.095192,134.0170484,73.687,69.287,24.39822766,22.94136008,759,686778.86,904.8469829,294840,2.329327296
GRAYS HARBOR,14077,Taholah,> 100 and < 250,193.71,1970523.76,10172.54535,7531.352847,2641.192504,38.75,201704.15,5205.268387,0,0,0,19622.11156,9244.879872,9044.953074,1332.278612,0,15,14,13.83642857,12.914,53,72243.97,1363.093774,19080,3.786371593
GRAYS HARBOR,14097,Lake Quinault,> 100 and < 250,212.69,1549046.33,7283.117824,6710.837933,572.2798909,24.75,140092.23,5660.292121,33,24523.68,743.1418182,16126.66035,10639.79581,2603.559641,2563.268231,320.0366731,17.666,17.666,12.03951092,12.03951092,178,247278.26,1389.203708,65520,3.774088217
GRAYS HARBOR,14099,Cosmopolis,> 100 and < 250,166.44,1093223.66,6568.274814,4865.500961,1702.773852,21.375,112342.31,5255.780585,0,0,0,12219.78202,7020.503725,1393.693643,3724.774754,80.80990147,8.33,8.33,19.98079232,19.98079232,22,55626.32,2528.469091,26640,2.088075075
GRAYS HARBOR,14104,Satsop,<100,55.05,329234.31,5980.641417,4487.398183,1493.243233,8,42901.95,5362.74375,0,0,0,11217.19146,8162.964033,2045.731153,1008.496276,0,3.131,3.131,17.5822421,17.5822421,0,622.68,0,0,0
GRAYS HARBOR,14117,Wishkah Valley,> 100 and < 250,127.99,1039188.39,8119.293617,7248.192203,871.1014142,12.125,96829.03,7985.899381,0,0,0,15323.52746,9136.082116,1885.790062,4100.939839,200.7154465,10.643,10.643,12.02574462,12.02574462,57,69532.43,1219.867193,25200,2.736368651
GRAYS HARBOR,14172,Ocosta,> 500 and < 1000,664.54,3850805.45,5794.693246,5305.103606,489.589641,100.875,676945.01,6710.731202,42.25,37593.08,889.7770414,11199.95985,6722.220604,1703.665814,2728.72253,45.35090438,33.079,30.079,22.09315469,20.08948275,449,313013.71,697.1352116,162900,1.728461019
GRAYS HARBOR,14400,Oakville,> 250 and < 500,291.34,1621099.77,5564.288357,5222.719091,341.5692661,40.125,204250.03,5090.343427,0,0,0,13748.65281,9107.350793,2938.173955,1505.473227,197.6548363,16.912,16.912,17.22682119,17.22682119,154,126082.55,818.7178571,60120,2.124161011
ISLAND,15201,Oak Harbor,> 5000 and < 10000,5482.82,28509893.76,5199.859518,4632.294708,567.5648097,742.625,6027105.34,8115.947268,91.625,140621.88,1534.754488,8748.409204,6168.508448,1842.300136,705.8669535,31.73366625,255.767,229.855,23.85338583,21.43677644,1887,1729330.92,916.4445787,1055088,1.583791077
ISLAND,15204,Coupeville,> 1000 and < 2000,1053,5185677.13,4924.669639,4566.609364,358.0602754,154.125,1051312.61,6821.168597,27.75,21955.43,791.1866667,9414.327816,6239.359782,893.4379012,2281.530133,0,47.2,44.2,23.82352941,22.30932203,569,284108.05,499.3111599,201600,1.623726687
ISLAND,15206,South Whidbey,> 1000 and < 2000,1657.83,9444121.91,5696.676927,5260.645983,436.0309441,214.75,1675303.91,7801.182352,12.875,11413.1,886.4543689,9843.178969,6528.660062,837.441915,2477.076992,0,79.008,70.078,23.65692514,20.98306501,1084,918571.52,847.3907011,413820,2.234404886
JEFFERSON,16020,Queets-Clearwater,<100,20.77,278355.56,13401.80838,8811.460279,4590.348098,1.5,28907.67,19271.78,0,0,0,46533.05007,19823.11603,21764.6519,4945.282138,0,1.698,1.698,12.23203769,12.23203769,18,40524.19,2251.343889,9720,5.260280864
JEFFERSON,16046,Brinnon,<100,32.08,353700.18,11025.56671,8610.429863,2415.136845,7.25,73746.95,10171.9931,0,0,0,27825.83666,15090.19358,4069.262157,8651.57419,14.80673317,2.999,2.999,10.69689897,10.69689897,48,68926.1,1435.960417,18720,4.093518697
JEFFERSON,16048,Quilcene,> 250 and < 500,294.98,1861065.19,6309.123296,4912.35277,1396.770527,26.5,235558.53,8889.001132,0,0,0,11590.69683,8150.098346,1492.666384,1809.556445,138.3756526,14.706,13.906,21.21242629,20.05847953,105,192349.95,1831.904286,47520,3.767958965
JEFFERSON,16049,Chimacum,> 1000 and < 2000,1113.2,5884426.5,5286.046083,4818.460717,467.5853665,152,1297661.57,8537.247171,10.375,11337.93,1092.81253,10017.20748,6225.982528,1549.745697,2081.988412,159.4908462,50.409,46.609,23.88379927,22.08335813,625,870644.24,1393.030784,239040,3.701267403
JEFFERSON,16050,Port Townsend,> 1000 and < 2000,1369.6,7305527.64,5334.059317,4745.048744,589.0105724,214.375,1877538.3,8758.196152,11.125,23800.8,2139.397753,10041.64293,6013.732922,1692.790588,2319.935061,15.1843604,64.925,60.125,22.77920998,21.09510974,510,591667.38,1160.132118,208080,2.579602172
KING,17001,Seattle,> 10000,44884.12,248751038.1,5542.072299,5252.676051,289.3962473,6359,68395465.38,10755.69514,5448,17548895.83,3221.162964,11790.72021,6513.353986,1559.1876,3471.821014,246.3576131,2102.309,1876.793,23.9153279,21.34991574,11625,31270198.88,2689.909581,7516620,4.219819896
KING,17210,Federal Way,> 10000,21565.37,113517259.4,5263.867921,4829.639651,434.2282706,2890.25,23225078.27,8035.664136,2861.5,3697020.12,1291.986762,9519.788249,6203.569094,1283.005176,2015.588212,17.62576668,1044.894,966.584,22.31091142,20.63881121,7527,6693890.85,889.3172379,3130524,2.132838857
KING,17216,Enumclaw,> 3500 and < 5000,4492.59,23710259.75,5277.63712,4579.963852,697.6732686,564.375,4845349.26,8585.336452,157.875,166444.47,1054.280095,9582.862269,6382.578319,890.7393998,2287.868786,21.67576387,215.555,202.352,22.20185617,20.84196609,2266,2156661.51,951.7482392,1078272,1.963170749
KING,17400,Mercer Island,> 3500 and < 5000,3984.35,23373490.93,5866.324728,5497.556379,368.7683487,409.75,3872377.61,9450.585991,73.875,147013.42,1990.029374,10094.33519,5968.445822,614.6550077,3462.994935,48.23942927,195.799,180.999,22.01310504,20.34918462,1530,1592399.06,1040.783699,799452,1.780225867
KING,17401,Highline,> 10000,17853.82,92482542.82,5179.98629,4822.224056,357.7622335,2194.875,19195160,8745.44564,3434.375,3240780.88,943.6304655,10079.03583,6266.192513,1332.476807,2380.549463,99.81705204,874.138,787.388,22.67474231,20.42448675,5424,5745172.98,1059.213308,2275632,2.654834217
KING,17402,Vashon Island,> 1000 and < 2000,1490.76,7862047.42,5273.851874,4866.638822,407.2130524,162.625,1586160,9753.481937,19,14066,740.3157895,9721.822118,6201.159898,630.8300531,2498.919162,390.9130041,71.22,65.22,22.8574057,20.93176074,1013,624030.64,616.0223495,389160,1.806860186
KING,17403,Renton,> 10000,13918.96,66509521.27,4778.339852,4495.054529,283.285323,1948.125,18128693.16,9305.713525,2014.5,2072103.18,1028.594281,9669.320119,6200.041661,1236.27166,2219.362176,13.64462072,621.511,567.898,24.50961264,22.39535583,4985,4809064.27,964.7069749,2021652,2.328373845
KING,17404,Skykomish,<100,54.68,982082.11,17960.53603,16601.67996,1358.856072,13.125,143253.11,10914.52267,0,0,0,46655.69148,26285.26207,1505.389173,14148.49031,4716.549927,10.767,9.767,5.598443739,5.078480542,40,49797.41,1244.93525,17460,2.537254296
KING,17405,Bellevue,> 10000,17107.44,94529937.52,5525.662374,5097.318018,428.3443554,1879.25,18040423.82,9599.799824,1654.5,2147603.52,1298.037788,10012.78002,5928.188597,828.0894061,3062.478884,194.0231291,816.783,735.569,23.25742384,20.94490213,3720,4893862.84,1315.554527,2406276,2.002731719
KING,17406,Tukwila,> 2000 and < 3500,2838.88,14897663.56,5247.725709,4889.98778,357.7379283,287.25,2148849.98,7480.765814,987.5,949663.8,961.6848608,10715.67896,6564.332765,1269.891503,2881.45469,0,133.621,121.165,23.42986836,21.24576227,708,564667.62,797.5531356,288648,2.087797594
KING,17407,Riverview,> 2000 and < 3500,3090.65,16902604.55,5468.948134,4897.361659,571.5864753,337.75,2963808.52,8775.154759,54.375,118231.5,2174.372414,9026.94837,5984.057955,605.9372559,2436.953159,0,148.55,137.05,22.55125866,20.80545271,1829,1633571.24,893.1499399,715824,2.276729336
KING,17408,Auburn,> 10000,14323.6,78794201.67,5501.00545,5111.537884,389.4675668,1725.375,13775009.52,7983.777161,1741.5,1735513.75,996.5625897,9403.838985,6108.369584,1216.314773,2013.785578,65.36905038,684.114,617.879,23.18188513,20.9374461,6034,5438002.5,901.2267981,2599164,2.341432076
KING,17409,Tahoma,> 5000 and < 10000,7148.74,36379478.47,5088.935738,4702.025321,386.9104178,841.75,7782709.92,9245.868631,117.75,292270.32,2482.12586,8870.712825,6074.908237,617.2097642,2178.594824,0,308.194,283.571,25.20970057,23.1955846,4894,3382566.62,691.1660441,1798416,1.934214587
KING,17410,Snoqualmie Valley,> 5000 and < 10000,5821.83,27480988.73,4720.33514,4402.489879,317.8452617,609.375,5328264.89,8743.819307,105.5,80640.53,764.3652133,8531.241553,5775.95308,586.2580306,2169.030442,0,258.824,237.454,24.51771712,22.49339319,2882,1932996.76,670.7136572,1147932,1.804303208
KING,17411,Issaquah,> 10000,16350.4,80593116.93,4929.122036,4524.783499,404.3385361,1455,14085983.93,9681.088612,624.625,730976.45,1170.264479,8863.319075,5800.507214,584.9296207,2463.226687,14.65555338,721.164,663.631,24.63778817,22.67223544,7647,6491939.97,848.9525265,2859516,2.364804404
KING,17412,Shoreline,> 5000 and < 10000,8744.65,47051582.13,5380.613533,4878.088001,502.5255316,1087.75,10866978.78,9990.327538,555.125,631804.22,1138.129646,10191.13158,6211.040717,898.9685625,3080.089699,1.032601648,378.331,346.444,25.24116452,23.11375489,2905,2735210.03,941.552506,1248444,2.237166753
KING,17414,Lake Washington,> 10000,23564.7,131645750.4,5586.565941,5261.864272,324.7016682,3031.5,24457330.15,8067.732195,1283.25,1388667.94,1082.149184,9223.404472,5909.414279,700.7047631,2419.346048,193.9393818,1156.01,1045.621,22.53655961,20.38451224,6492,6617547.39,1019.338785,3360528,2.099848583
KING,17415,Kent,> 10000,26515.87,145151940.7,5474.15343,5058.395282,415.7581479,3392.625,30785255.16,9074.169754,4015.875,4128353.11,1028.008369,9281.229891,6101.753915,1059.566509,2115.267478,4.64199025,1276.556,1160.381,22.85100325,20.77141152,10158,7094817.07,698.4462562,3893076,1.740161651
KING,17417,Northshore,> 10000,18882.87,102216378.1,5413.180207,5075.367318,337.8128891,2621.625,26392857.14,10067.36552,891.375,1002440.72,1124.600443,9458.063488,6258.430358,648.738875,2510.610321,40.28393353,825.969,762.666,24.75902951,22.86147543,8632,6325682.8,732.8177479,3617712,1.828768584
KITSAP,18100,Bremerton,> 5000 and < 10000,5242.09,24995112.5,4768.157834,4429.849846,338.3079878,738.5,6628399.07,8975.489601,124.875,112764.89,903.0221421,10210.79975,6486.19025,1490.4567,2228.761168,5.391633871,243.486,229.03,22.88822425,21.52932817,1930,1547400.58,801.7619585,871020,1.860364561
KITSAP,18303,Bainbridge Island,> 3500 and < 5000,3887.25,21767814.52,5599.797934,5154.019435,445.7784989,543.125,4712507.25,8676.653165,32.25,29732.9,921.9503876,9501.497241,6182.165248,549.6389556,2758.23023,11.4628079,188.7,171.391,22.68059583,20.60015898,1896,1309130.43,690.4696361,863640,1.750988919
KITSAP,18400,North Kitsap,> 5000 and < 10000,6533.71,36355429.92,5564.285822,5040.776614,523.5092084,936.25,7291696.83,7788.194211,182.25,207930.52,1140.908203,9686.872535,6300.879523,1014.097556,2332.245087,39.65036863,299.419,271.73,24.04486071,21.82129391,3341,2956288.12,884.8512781,1306188,2.205340632
KITSAP,18401,Central Kitsap,> 10000,11425.16,63542538.05,5561.632227,5123.086505,438.5457219,1754.375,16890711.42,9627.765683,212,308455.4,1454.978302,9899.296276,6444.005761,1819.468858,1575.03306,60.7885964,534.613,509.365,22.43020231,21.3708982,4458,4704082.91,1055.200294,1916460,2.365934478
KITSAP,18402,South Kitsap,> 5000 and < 10000,9892.45,51549066.79,5210.950451,4846.024347,364.9261043,1409.375,9854963.33,6992.435179,78.625,78126.78,993.6633386,9399.525954,6307.432126,1158.146576,1821.986455,111.9607964,478.595,420.451,23.52818759,20.66977298,5323,4314741.42,810.5845238,2188296,1.896271606
KITTITAS,19007,Damman,<100,36.72,314889.77,8575.429466,5423.647331,3151.782135,2.375,10967.46,4617.877895,0,0,0,11968.54385,8239.638617,74.59123094,3654.313998,0,2,2,18.36,18.36,0,0,0,0,0
KITTITAS,19028,Easton,<100,95.7,1052092.94,10993.65664,10076.15946,917.4971787,12.5,102919.55,8233.564,6.625,5866.06,885.4430189,20140.02936,15760.23647,968.192999,3411.599896,0,10.08,9.08,10.53964758,9.494047619,52,87709.07,1686.712885,18360,4.954868192
KITTITAS,19400,Thorp,> 100 and < 250,158.67,1430400.09,9014.937228,8206.751434,808.1857944,26,246707.73,9488.758846,0,0,0,17582.65066,10875.45724,3135.897082,3571.296338,0,15.1,15.1,10.50794702,10.50794702,97,65265.45,672.8396907,36360,2.258411991
KITTITAS,19401,Ellensburg,> 2000 and < 3500,2910.3,14780125.4,5078.557331,4639.358152,439.1991788,363.375,2495086.8,6866.423942,195.5,195025.31,997.5719182,9387.158544,6272.917194,1117.517651,1916.594403,80.12929595,139.669,123.869,23.4949826,20.83712205,905,975249.1,1077.623315,412524,2.847098835
KITTITAS,19403,Kittitas,> 500 and < 1000,727.15,3743661.13,5148.402847,4139.262215,1009.140631,98.375,620916.18,6311.72737,37.875,33953.11,896.4517492,9393.974379,6806.833239,783.3232621,1782.009063,21.80881524,34.829,32.546,22.34222331,20.87771685,263,256781.12,976.3540684,86040,2.582053696
KITTITAS,19404,Cle Elum-Roslyn,> 500 and < 1000,901.25,4806851.15,5333.538031,5001.162374,332.375656,91.25,655445.61,7182.965589,15.125,12437,822.2809917,9160.877692,6227.965592,909.9017587,2023.010341,0,47.975,44.975,20.03891051,18.78582595,485,285445.87,588.5481856,199440,1.30807516
KLICKITAT,20094,Wishram,<100,69.25,890157.23,12854.25603,11848.37805,1005.877978,12.5,70464.66,5637.1728,0,0,0,27352.19625,21212.36116,4681.147148,165.1572563,1293.530686,8.823,8.823,7.848804262,7.848804262,13,39165.61,3012.739231,4680,6.44832906
KLICKITAT,20203,Bickleton,<100,87.38,1018469.07,11655.63138,11282.38384,373.2475395,9.625,111307.17,11564.3813,0,0,0,19110.01946,17346.12909,854.3972305,848.5409705,60.95216297,11.7,11.7,7.468376068,7.468376068,70,184737.14,2639.102,30240,5.352756944
KLICKITAT,20215,Centerville,<100,81.89,429092.09,5239.859446,4570.894493,668.964953,9.625,54361.28,5647.925195,0,0,0,11698.85285,8009.118818,1454.295152,2081.236048,154.2028331,4.35,4.35,18.82528736,18.82528736,66,74225.37,1124.626818,27000,2.353051111
KLICKITAT,20400,Trout Lake,> 100 and < 250,173.62,1274548.27,7341.022175,6564.483642,776.5385324,29.5,167359.73,5673.211186,0,0,0,13420.89707,10647.77353,629.7483585,2049.371328,94.003859,11.699,11.5,15.0973913,14.84058467,86,90084.82,1047.497907,29160,2.822446159
KLICKITAT,20401,Glenwood,<100,70.66,1022566.94,14471.65214,12777.77385,1693.87829,15.75,98751.05,6269.907937,0,0,0,27452.62822,21414.48415,3749.403057,2213.967025,74.77398811,9.477,8.977,7.871226468,7.455945974,46,54149.87,1177.171087,15840,3.44080303
KLICKITAT,20402,Klickitat,> 100 and < 250,120.5,1028819.5,8537.921162,7828.07668,709.8444813,20.125,113653.37,5647.372422,0,0,0,17800.70407,14002.47095,2305.239834,947.3081328,545.6851452,9.698,8.698,13.85375948,12.42524232,55,96372.56,1752.228364,20340,4.642326942
KLICKITAT,20403,Roosevelt,<100,27.21,213261.22,7837.604557,6497.659684,1339.944873,2.125,12082.17,5685.727059,10,9583.36,958.336,19526.53032,15816.29585,3307.260933,71.54575524,331.4277839,1.19,1.19,22.86554622,22.86554622,51,71103.06,1394.177647,16920,4.088445626
KLICKITAT,20404,Goldendale,> 1000 and < 2000,1005.16,5389173.08,5361.5077,4774.920779,586.5869215,159.75,933303.68,5842.276557,33.625,28376.45,843.9092937,9993.313552,6416.389062,1662.413357,1862.969517,51.54161527,48.908,45.38,22.14984575,20.55205692,280,378180.42,1350.644357,113040,3.238213818
KLICKITAT,20405,White Salmon,> 1000 and < 2000,1160.5,6108723.97,5263.872443,4705.921344,557.9510987,218,1257454.77,5768.141147,187.75,190800.05,1016.245273,10066.57512,6893.127023,931.5159673,2051.763343,190.1687893,56.536,55.536,20.89635552,20.52674402,442,565865.54,1280.238778,209880,2.69148604
KLICKITAT,20406,Lyle,> 250 and < 500,313.75,2013345.95,6417.038884,5583.466135,833.572749,51.5,295395.98,5735.844272,0,0,0,12082.69645,8873.664191,1647.880574,1277.615299,283.5363825,16.638,15.638,20.06330733,18.85743479,196,185791.47,947.9156633,75240,2.581884104
LEWIS,21014,Napavine,> 500 and < 1000,762.33,3662545.79,4804.409888,4580.037674,224.3722141,114.125,722240.07,6328.500066,1.25,0,0,9134.358034,6621.191085,1453.806868,944.3292406,115.0308397,38.1,36.5,20.88575342,20.00866142,302,198036.56,655.7501987,103320,1.829603465
LEWIS,21036,Evaline,<100,39.05,224968.06,5761.025864,4039.252241,1721.773624,10.25,63012.63,6147.573659,0,0,0,16474.52343,10557.62407,1785.193086,3997.185659,134.5206146,1.792,1.792,21.79129464,21.79129464,35,12331.32,352.3234286,13680,0.968491959
LEWIS,21206,Mossyrock,> 500 and < 1000,585.7,2998743.08,5119.930135,4516.462319,603.4678163,72.375,566699.35,7830.042832,35.25,35249,999.9716312,9588.796585,6802.296107,1470.966297,1300.089158,15.44502305,27.217,26.217,22.34046611,21.51963846,319,248424.51,778.7602194,144324,1.996484299
LEWIS,21214,Morton,> 250 and < 500,315.97,2090320.86,6615.567491,6167.508308,448.0591828,60.5,378876.4,6262.419835,0,0,0,12675.1278,8626.76887,2034.963541,2013.395386,0,20.418,18.918,16.70208267,15.47507102,154,211719.69,1374.803182,62280,3.105388728
LEWIS,21226,Adna,> 500 and < 1000,581.76,2927376.29,5031.931192,4604.099268,427.8319238,64.625,468415.99,7248.21648,0,0,0,9352.853874,6687.392241,1282.401815,1303.830755,79.22906353,28.91,27.91,20.84414188,20.12314078,234,321359.18,1373.329829,119880,2.204623457
LEWIS,21232,Winlock,> 500 and < 1000,752.13,3594446.96,4779.02352,4282.514379,496.5091407,119.5,839814.32,7027.734895,64.5,71321.22,1105.755349,9504.114103,6971.042958,1691.049393,823.2373925,18.78435909,32.665,31.665,23.75272383,23.02556253,426,424941.45,997.5151408,163800,2.068130342
LEWIS,21234,Boistfort,<100,83.64,465808.25,5569.204328,4641.432568,927.7717599,20.625,105139.21,5097.658667,0,0,0,15457.86119,9500.67121,2177.938546,3754.085246,25.16618843,4.44,4.44,18.83783784,18.83783784,107,158235.32,1478.834766,39060,3.709660778
LEWIS,21237,Toledo,> 500 and < 1000,859.01,4199599.73,4888.883401,4439.15398,449.7294211,134.125,889144.81,6629.225051,20.625,19979.96,968.7253333,9484.218426,6539.560657,1605.818174,1338.373942,0.465652321,39.834,38.234,22.46717581,21.56474369,389,352560.31,906.3247044,160920,2.295916605
LEWIS,21300,Onalaska,> 500 and < 1000,876.76,3913674.18,4463.791893,3958.069118,505.7227748,108.875,803719.95,7382.043169,22.125,12480.52,564.0912994,9411.662428,6402.95221,1749.739244,1258.970973,0,38.44,35.904,24.41956328,22.80853278,511,503720.04,985.7535029,190800,2.503475419
LEWIS,21301,Pe Ell,> 250 and < 500,294.95,1680212.27,5696.600339,5130.446889,566.1534497,37.125,277641.79,7478.566734,0,0,0,11738.91185,8209.192372,1955.079064,1400.389219,174.2511951,14.652,14.652,20.13035763,20.13035763,158,150566.89,952.955,69840,2.300261598
LEWIS,21302,Chehalis,> 2000 and < 3500,2814.14,12737898.44,4526.391167,4235.707783,290.6833846,364.75,3934573.51,10787.04184,68.875,92397.22,1341.520436,9802.575472,6632.047396,1165.160269,1475.901401,529.4664054,122.585,114.1,24.66380368,22.95664233,944,846984.29,897.2291208,388080,2.234498609
LEWIS,21303,White Pass,> 250 and < 500,386.89,2551304.79,6594.393213,5657.977099,936.4161131,50.375,430897.23,8553.791166,0,0,0,13894.48947,8073.660886,2601.84347,3012.751195,206.2339166,23.35,21.35,18.12131148,16.56916488,297,280164.08,943.3134007,123120,2.347894087
LEWIS,21401,Centralia,> 2000 and < 3500,3363.61,16390659.94,4872.937094,4458.082789,414.8543053,485.125,3834643.96,7904.445164,259.25,278590.36,1074.601196,9729.948692,6386.567465,1593.827813,1497.741986,251.8114288,157.088,146.079,23.0259654,21.41226574,1318,1270140.73,963.687959,576720,2.20119089
LINCOLN,22008,Sprague,<100,83.78,981085.45,11710.25841,10716.66281,993.5956075,16.875,142237.19,8428.870519,0,0,0,23859.71819,17631.03712,2213.216042,3602.782048,412.6829792,9.375,9.375,8.936533333,8.936533333,35,103703.91,2962.968857,16560,6.424593599
LINCOLN,22009,Reardan-Edwall,> 500 and < 1000,652.8,3453712.29,5290.613189,4808.038174,482.5750153,64.875,454170.65,7000.703661,0,0,0,10007.76213,7177.671906,1140.264308,1685.724801,4.10111826,31.878,29.798,21.90751057,20.47807265,462,658084.75,1424.425866,185760,3.610169197
LINCOLN,22017,Almira,<100,65.22,1071937.7,16435.72064,13026.99739,3408.723244,9,87447.47,9716.385556,0,0,0,32910.91766,26282.94879,3244.850966,3309.798835,73.3190739,9.154,9.154,7.124754206,7.124754206,68,152651.87,2244.880441,24480,6.742351307
LINCOLN,22073,Creston,> 100 and < 250,104.51,1012356.08,9686.691034,9026.142474,660.5485599,16.75,183688.75,10966.49254,0,0,0,21322.7695,16549.21759,1502.198928,3219.993398,51.35958282,11.434,11.434,9.140283365,9.140283365,59,145959.01,2473.881525,34200,4.651061696
LINCOLN,22105,Odessa,> 100 and < 250,210.83,1686828.24,8000.892852,7237.035242,763.8576104,29,216365.33,7460.873448,0,0,0,16045.94702,10943.50695,1956.059669,3146.380401,0,14.139,13.819,15.25653086,14.91123842,62,242915.03,3917.984355,23760,9.818191919
LINCOLN,22200,Wilbur,> 100 and < 250,241.85,1638873.19,6776.403515,6174.718958,601.6845565,23.375,187567.35,8024.271658,0,0,0,14075.14666,9676.9859,1707.372834,1970.832665,719.9552615,16.909,16.409,14.73886282,14.30303389,122,255397.5,2093.422131,54360,4.542713392
LINCOLN,22204,Harrington,> 100 and < 250,124.04,1261743.37,10172.06845,8876.217349,1295.851096,14.25,149517.22,10492.43649,0,0,0,20053.92083,14287.58844,1917.268865,3680.72662,168.3369074,11.286,11.286,10.99060783,10.99060783,89,198115.78,2226.02,33840,5.521935284
LINCOLN,22207,Davenport,> 500 and < 1000,568.47,2804240.34,4932.961001,4467.388217,465.5727831,69.25,492773.65,7115.864982,0,0,0,10405.77431,7419.719246,1325.126093,1660.928967,0,28.02,28.02,20.28800857,20.28800857,201,350245.83,1742.516567,78120,4.532724142
MASON,23042,Southside,> 100 and < 250,211.99,1127332.49,5317.856927,4294.187179,1023.669749,25.25,192495.94,7623.601584,1,0,0,10036.6639,6289.28473,1314.747252,2399.182697,33.4492193,9.79,8.79,24.11717861,21.65372829,117,71903.27,614.5578632,38520,1.819097352
MASON,23054,Grapeview,> 100 and < 250,203.54,1120615.54,5505.628083,4556.183551,949.4445318,22.125,138709.81,6269.369944,0,0,0,9417.912499,6300.437359,520.5404343,2596.184878,0.749828044,10.209,10.209,19.93731022,19.93731022,172,97021.15,564.0764535,57600,1.486067014
MASON,23309,Shelton,> 3500 and < 5000,4163.34,21115979.25,5071.884413,4643.348132,428.536281,732,4947860.34,6759.372049,286.5,320736.95,1119.500698,9839.761735,6595.450441,1406.050236,1483.694442,354.5666148,198.263,184.606,22.55257142,20.99907698,1913,1861572.67,973.1169211,807480,2.335657998
MASON,23311,Mary M. Knight,> 100 and < 250,180.98,1311485.66,7246.577854,6687.398608,559.1792463,13.125,138584.6,10558.82667,0,0,0,15495.35849,10642.9048,1940.727263,2911.726434,0,14.673,14.673,12.33421931,12.33421931,162,180464.36,1113.977531,55440,3.191959957
MASON,23402,Pioneer,> 500 and < 1000,715.52,3867772.48,5405.540698,4557.922127,847.6185711,144.75,886827.86,6126.61734,0,0,0,10482.34455,6394.730755,1386.018322,2700.937039,0.658430233,35.398,32.403,22.081906,20.21357139,563,449196.07,797.8615808,211320,2.168452158
MASON,23403,North Mason,> 2000 and < 3500,2136.6,10671579.02,4994.654601,4548.207816,446.4467846,373.375,2742324.11,7344.691289,80.5,91446.87,1135.985963,9353.65139,6565.330703,1016.021806,1704.418838,67.88004306,98.439,87.929,24.29915045,21.70481212,1519,1534246.21,1010.037005,668124,2.338500368
MASON,23404,Hood Canal,> 250 and < 500,342.43,2148534.59,6274.376048,5005.65444,1268.721607,79.875,469018.16,5871.901847,0,0,0,12514.29229,7213.681074,3068.832637,2165.953041,65.82554099,16.405,15.605,21.94360782,20.87351417,300,424799.19,1415.9973,118800,3.320395202
OKANOGAN,24014,Nespelem,> 100 and < 250,152.11,1652731.55,10865.37078,5280.889948,5584.480836,30.125,195448.91,6487.930622,0,0,0,22423.25396,7974.668661,13978.71955,373.4305437,96.43521136,8.8,8.8,17.28522727,17.28522727,158,136097.33,861.3755063,78480,1.941089959
OKANOGAN,24019,Omak,> 1000 and < 2000,1677.13,7673758.94,4575.530185,4087.17332,488.3568656,303.625,2250769.65,7412.991848,74.75,69365.99,927.9731104,10072.93512,6618.794929,2435.919702,1002.896758,15.32372565,80.036,74.336,22.56147762,20.95469539,645,549111.93,851.3363256,273960,2.075898489
OKANOGAN,24105,Okanogan,> 1000 and < 2000,1035.31,4452496.64,4300.641006,3844.930156,455.7108499,143.875,1069544.49,7433.845282,80.75,78123.72,967.4764087,10055.98459,6729.113135,2361.914992,838.6150428,126.3414243,44.07,42.07,24.60922272,23.49239846,439,359543.22,819.0050569,178020,2.14662903
OKANOGAN,24111,Brewster,> 500 and < 1000,944.44,4135687.97,4378.98434,4035.50846,343.4758799,141.375,997692.34,7057.063413,401.25,327849.16,817.0695576,10598.19258,6969.530727,2601.240036,998.6958515,28.72596459,38.939,38.829,24.32305751,24.25434654,278,224885.84,808.9418705,126180,1.610233634
OKANOGAN,24122,Pateros,> 250 and < 500,300.06,1789574.27,5964.054756,5532.697527,431.3572286,28.25,243206.29,8609.072212,30.125,50720.18,1683.657427,11990.65397,8607.85213,1801.465107,1559.717723,21.61900953,18.423,17.814,16.84405524,16.28724963,129,73992.48,573.5851163,48960,1.884133987
OKANOGAN,24350,Methow Valley,> 500 and < 1000,519.05,3321960.95,6400.078894,5664.7622,735.316694,57.375,178271.96,3107.136558,5.625,13038.46,2317.948444,10868.59168,6814.733243,947.6457374,2776.109912,330.1027839,28.877,27.877,18.61929189,17.97451259,346,380449.92,1099.566243,149760,2.224468082
OKANOGAN,24404,Tonasket,> 1000 and < 2000,1074.83,4684721.6,4358.56982,4093.420615,265.149205,135.75,847099.36,6240.142615,115.25,124464.63,1079.953406,9644.739745,6674.253268,2046.29387,892.0327587,32.15984853,47.6,44.939,23.91753266,22.58046218,636,575763.65,905.2887579,236160,2.226107342
OKANOGAN,24410,Oroville,> 500 and < 1000,634.62,3238889.48,5103.667518,4646.167943,457.4995745,100.75,608986.53,6044.531315,80.5,88296.24,1096.847702,10255.17982,6797.836501,1974.830576,1482.512748,0,30.28,29.28,21.67418033,20.95838838,201,232648.08,1157.453134,77040,2.861014927
PACIFIC,25101,Ocean Beach,> 500 and < 1000,921.63,4817455.55,5227.103664,4730.198561,496.9051029,188.5,1081029.27,5734.903289,27.5,41335.3,1503.101818,11218.43567,7162.212146,1003.697254,2513.531547,538.9947267,41.386,41.386,22.26912482,22.26912482,468,657145.89,1404.157885,190368,3.367101141
PACIFIC,25116,Raymond,> 500 and < 1000,703.44,3442685.96,4894.071932,3998.216792,895.8551405,75.875,605892.01,7985.397166,58.5,63185.67,1080.096923,10256.36373,7256.129777,1548.751379,1311.500825,139.9817468,30.999,30.499,23.06436277,22.69234491,340,359685.83,1057.8995,151560,2.205848047
PACIFIC,25118,South Bend,> 500 and < 1000,520.5,2873540.04,5520.730144,5202.492584,318.23756,100.75,662473.9,6575.423325,76.875,89409.19,1163.046374,12713.55299,8955.838617,1796.182843,1731.337906,230.1936215,28.833,28.833,18.05223182,18.05223182,325,321992,990.7446154,129240,2.378752553
PACIFIC,25155,Naselle-Grays R.,> 250 and < 500,411.56,2132419.63,5181.309238,4488.917339,692.3918991,53.875,318562.51,5912.993225,5,6180.78,1236.156,12925.56262,9643.781174,1065.786082,2215.995359,0,17.002,16.002,25.71928509,24.20656393,215,254324.86,1182.906326,82440,3.161793789
PACIFIC,25160,Willapa Valley,> 250 and < 500,303.88,2058107.21,6772.762966,6296.740029,476.0229367,46.5,455244.01,9790.193763,13.5,0,0,13454.73233,9218.134329,1735.236343,2367.954225,133.4074306,19.6,19.6,15.50408163,15.50408163,286,369845.97,1293.167727,110448,3.282768905
PACIFIC,25200,North River,<100,46.89,930317.85,19840.43186,18148.12327,1692.308595,5.75,30729.14,5344.198261,0,0,0,32450.47665,31224.16912,692.4849648,533.8225634,0,9.667,9.534,4.918187539,4.850522396,33,93194.75,2824.083333,18360,6.818345861
PEND OREILLE,26056,Newport,> 1000 and < 2000,1103.19,5543449.67,5024.927411,4629.439136,395.4882749,140,1364102.72,9743.590857,0,0,0,9822.742674,6987.637053,1707.818735,1127.286886,0,49.064,48.064,22.95252164,22.48471384,466,850299.49,1824.677017,180360,4.782205644
PEND OREILLE,26059,Cusick,> 250 and < 500,295.75,1828472.13,6182.492409,5552.50022,629.9921893,42,272520.16,6488.575238,0,0,0,12739.26965,8997.624649,2253.368183,1478.611429,9.665393068,16.538,16.538,17.8830572,17.8830572,174,212414.34,1220.772069,71280,2.772155584
PEND OREILLE,26070,Selkirk,> 250 and < 500,268.07,1771052.95,6606.680904,6136.677025,470.0038796,40.75,295955.2,7262.704294,0,0,0,14236.25288,9803.811318,2552.059537,1877.68497,2.697056739,17.317,16.458,16.28812735,15.480164,203,302177.92,1488.561182,83520,3.75870103
PIERCE,27001,Steilacoom Hist.,> 5000 and < 10000,5244.61,23015591.2,4388.427586,3297.392231,1091.035354,428.25,3105474.51,7251.545849,73.875,62353.9,844.0460237,7225.799909,5403.049807,551.61498,1271.135122,0,200.404,185.379,28.29128434,26.17018622,1427,1139795.81,798.7356762,561780,1.973125743
PIERCE,27003,Puyallup,> 10000,21041.88,106139317.9,5044.193669,4572.833004,471.3606655,2631.875,24238305.21,9209.519909,575.625,1078198.37,1873.091631,8963.847335,6207.484749,759.464862,1958.439981,38.45774379,930.678,854.002,24.63914604,22.60919459,7991,8283417.16,1036.593312,3953448,2.222992375
PIERCE,27010,Tacoma,> 10000,28322.44,160362391.4,5662.02599,5335.009107,327.0168827,3906.125,35919709.44,9195.73988,2018.75,2271308.16,1125.106209,11220.51974,6385.764899,1951.849901,2787.793267,95.11167117,1342.05,1200.324,23.5956625,21.10386349,6352,9285130.78,1461.764921,3077244,2.650317476
PIERCE,27019,Carbonado,> 100 and < 250,173.36,1019398.72,5880.241809,4941.109656,939.1321527,19.5,138305.12,7092.570256,0,0,0,11115.84737,6988.715909,1166.467755,2960.663706,0,10.5,10.5,16.51047619,16.51047619,80,68090.95,851.136875,28440,2.287333685
PIERCE,27083,University Place,> 5000 and < 10000,5401.98,28172748.04,5215.2633,4880.759403,334.5038967,667.5,5262126.89,7883.336165,109.875,138006,1256.027304,9390.910923,6089.372258,1061.976573,2217.333069,22.22902343,250.374,229.771,23.51027762,21.57564284,1960,1634536.31,833.9470969,810828,2.026234269
PIERCE,27320,Sumner,> 5000 and < 10000,7858.04,42888090.33,5457.861035,5047.173912,410.687123,1108.625,7787281.78,7024.270407,217.25,205340.7,945.181588,9449.119205,6110.608818,807.9070761,2477.849965,52.75334562,379.172,350.612,22.41235326,20.72420959,3968,3065485.19,772.5517112,1499004,2.184324625
PIERCE,27343,Dieringer,> 1000 and < 2000,1330.3,7682913.94,5775.324318,4752.751958,1022.57236,143.625,1716535,11951.50566,14.625,17284.44,1181.842051,10151.58731,6178.719063,677.7001278,3228.105525,67.0625949,60.949,57.411,23.17151765,21.82644506,892,602402.16,675.3387444,321480,1.71305117
PIERCE,27344,Orting,> 2000 and < 3500,2222.94,11399837.54,5128.270462,4604.988853,523.281609,302,2226227.24,7371.613377,26.25,32353.39,1232.510095,8819.625078,6097.755,843.0599611,1842.258091,36.5520257,98.14,91.742,24.23034161,22.65070308,971,923558.11,951.1412049,399780,2.273449047
PIERCE,27400,Clover Park,> 10000,11596.02,59405691.07,5122.937962,4717.40071,405.5372524,1605.375,13827011.48,8612.948053,1110.75,1835475.7,1652.465181,11579.34649,6800.155143,2945.025635,1796.382885,37.78282807,537.062,478.857,24.21603944,21.59158533,5140,5399691.32,1050.523603,2202840,2.458908768
PIERCE,27401,Peninsula,> 5000 and < 10000,9009.8,48729959.99,5408.550688,4950.673921,457.8767675,1177.625,9697927.24,8235.157406,49.75,45809.58,920.7955779,9225.724251,6355.812105,804.865795,2056.168919,8.877432351,415.502,387.426,23.25553783,21.68413148,5432,3698876.15,680.9418538,2126160,1.742688067
PIERCE,27402,Franklin Pierce,> 5000 and < 10000,7416.41,37951889.62,5117.285805,4683.155671,434.1301344,927.625,9449872.06,10187.16837,547.375,840942.04,1536.317954,9741.563937,6338.043954,1552.295352,1829.303259,21.92137301,350.351,318.878,23.25782901,21.16851386,3543,3066166.38,865.4152921,1492128,1.893579974
PIERCE,27403,Bethel,> 10000,17127.93,87418835.84,5103.876291,4715.465802,388.4104892,2516.375,18724390.39,7441.017491,266,239788.48,901.4604511,9348.469656,6394.14162,1246.098996,1694.353973,13.87506838,786.961,702.466,24.3825751,21.76464907,9661,9674923.99,1001.441258,3978216,2.412874148
PIERCE,27404,Eatonville,> 2000 and < 3500,2009.61,9897150.74,4924.911172,4476.376108,448.535064,224,1878763.23,8387.335848,13,11806.74,908.2107692,9407.081737,6222.414394,977.6452346,2207.022109,0,89.823,85.223,23.58060617,22.37300023,814,1040739.6,1278.549877,601416,1.889648613
PIERCE,27416,White River,> 3500 and < 5000,4080.71,21097560.03,5170.070902,4576.615991,593.454911,543.625,4070948.75,7488.523799,33.625,28603.57,850.6637918,9458.739011,6260.524671,891.3804534,2128.298036,178.5358504,176.509,164.309,24.83558417,23.1189911,2130,2017751.8,947.3013146,879372,2.165224876
PIERCE,27417,Fife,> 2000 and < 3500,3396.45,18052434.31,5315.089081,4871.17707,443.9120111,357.5,3254000.7,9102.09986,340,441308.05,1297.964853,9575.014124,6183.036373,918.8446378,2196.134328,276.998784,154.733,139.133,24.41153429,21.95039197,1979,1507506.63,761.7517079,753012,1.914429265
SAN JUAN,28010,Shaw Island,<100,16.02,207615.51,12959.76966,11089.09738,1870.672285,2.625,10117.59,3854.32,0,0,0,21129.67853,18870.08552,1258.434457,1001.158552,0,2.15,2.15,7.451162791,7.451162791,0,0,0,0,0
SAN JUAN,28137,Orcas Island,> 500 and < 1000,534.37,3461498.26,6477.718173,5718.563093,759.1550798,82.375,587675.09,7134.143733,17.375,39265.68,2259.895252,11592.86245,7030.292662,1325.796059,2695.515392,541.2583416,30.317,29.517,18.10380459,17.62608438,182,110284.69,605.9598352,59040,1.968574356
SAN JUAN,28144,Lopez Island,> 100 and < 250,215.12,1816896.44,8445.967088,7775.935152,670.0319357,36.375,232934.9,6403.708591,3.375,4609.52,1365.783704,16460.95607,10691.43706,1299.272499,4085.649591,384.5969226,16.55,16.05,13.40311526,12.99818731,143,123895.88,866.4047552,45720,2.771842957
SAN JUAN,28149,San Juan Island,> 500 and < 1000,866.4,4733753.2,5463.704063,4830.361277,633.3427862,121.375,1017457.59,8382.760783,40.875,36224.18,886.2184709,10483.17485,6242.320233,836.1310711,2956.055413,448.6681325,41.576,38.63,22.42816464,20.83894555,346,202116.41,584.151474,122580,1.931409121
SKAGIT,29011,Concrete,> 500 and < 1000,625.8,3593827.71,5742.773586,5007.646021,735.1275647,101.375,879104.25,8671.805179,0,0,0,12470.88043,7435.651534,2467.759508,2547.515756,19.95362736,30.481,29.131,21.48226975,20.53082248,461,479021.41,1039.091996,191880,2.679823119
SKAGIT,29100,Burlington-Edison,> 3500 and < 5000,3844.89,18409423.12,4788.023356,4419.334795,368.6885607,546.375,4361198.61,7982.061057,598.125,609968.25,1019.800627,9630.051021,6390.400677,1244.262626,1962.658482,32.72923543,164.238,153.059,25.12031308,23.41047748,1687,1453714.25,861.7156194,746640,2.017922131
SKAGIT,29101,Sedro-Woolley,> 3500 and < 5000,4128.26,20353293.5,4930.235378,4457.069618,473.1657599,653.25,5650802.23,8650.29044,208.25,221675.37,1064.467563,9628.908579,6375.593248,1286.805037,1946.076127,20.43416839,178.317,165.062,25.01035974,23.15124189,1663,1864645.21,1121.253885,702180,2.366794796
SKAGIT,29103,Anacortes,> 2000 and < 3500,2697.89,15867244.98,5881.353569,5295.481865,585.8717034,278.125,2562813.21,9214.609294,51.875,49277.98,949.9369639,9970.123315,5996.008966,851.5252067,3075.746583,46.84255844,124.478,115.445,23.3694833,21.67362908,968,732879.19,757.1066012,387288,2.094513695
SKAGIT,29311,La Conner,> 500 and < 1000,631.93,5510155.5,8719.566249,6901.860523,1817.705727,77.875,760318.82,9763.323531,10.375,10634.04,1024.967711,15033.82174,6404.732217,4834.713164,3711.3276,83.0487554,36.71,34.413,18.36311859,17.2141106,328,283375,863.9481707,108000,2.559034074
SKAGIT,29317,Conway,> 250 and < 500,404.64,2462139.49,6084.765446,5000.191924,1084.573522,44.75,420526.26,9397.23486,19.125,16760.18,876.349281,11090.01725,6665.123245,1200.144425,3224.74958,0,20.118,18.319,22.08854195,20.11333135,298,180367.75,605.260906,120240,1.448402112
SKAGIT,29320,Mount Vernon,> 5000 and < 10000,6015.26,31346906.72,5211.230557,4620.093547,591.1370099,825.5,8759203.31,10610.78535,1452.5,1334885.49,919.0261549,10715.40107,6643.057973,1942.328237,2001.229742,128.7851232,256.072,234.478,25.65383533,23.49050267,2346,2100799.22,895.4813384,975996,2.228112236
SKAMANIA,30002,Skamania,<100,55.22,412797.12,7475.500181,7030.03314,445.4670409,6.875,38923.87,5661.653818,0,0,0,13912.88591,9213.370518,3758.469576,445.8824701,495.1633466,4.253,4.253,12.98377616,12.98377616,60,67153.4,1119.223333,30420,2.090412886
SKAMANIA,30029,Mount Pleasant,<100,44.61,260518.68,5839.916611,4612.079579,1227.837032,5.875,32579.8,5545.497872,0,0,0,10879.25174,6932.688859,3724.666891,167.7686617,54.12732571,3,3,14.87,14.87,49,25598.83,522.425102,20520,2.128510721
SKAMANIA,30031,Mill A,<100,56.51,387324.08,6854.08034,6227.039993,627.0403468,12.5,69853.59,5588.2872,0,0,0,14864.08317,9279.801274,4777.088657,236.5128296,570.6804105,3.35,3.35,16.86865672,16.86865672,64,91554.98,1430.546563,29160,2.847051783
SKAMANIA,30303,Stevenson-Carson,> 1000 and < 2000,1306.85,8516775.67,6517.026185,4833.105773,1683.920412,160.125,1034984.67,6463.604496,20.25,14961.56,738.8424691,9483.220637,5071.314994,3410.23774,263.1214523,738.5464514,59.676,57.776,22.61925367,21.89908841,451,420205.89,931.7203769,198936,1.889093628
SNOHOMISH,31002,Everett,> 10000,18334.68,106750772.3,5822.341721,5533.158502,289.1832184,2319.875,21085913.97,9089.245744,1771.625,1703099.77,961.3206915,9740.889482,6469.420387,1010.440949,2221.811055,39.21709133,842.648,770.248,23.80360611,21.75840921,6693,6787841.28,1014.17022,2943612,2.234913779
SNOHOMISH,31004,Lake Stevens,> 5000 and < 10000,7607.21,37312639.25,4904.904591,4524.445538,380.4590527,1055.125,7913996.34,7500.529643,248,256855.77,1035.70875,8963.291479,6189.511182,793.4154138,1865.369133,114.9957501,327.436,305.634,24.88993371,23.23266226,4213,3843713.37,912.3459221,1723104,2.420892204
SNOHOMISH,31006,Mukilteo,> 10000,14265.97,75604599.98,5299.64664,5024.552415,275.0942249,1773,15561442.46,8776.899301,2182.625,2237393.6,1025.092996,9510.577297,6325.351654,904.7039402,2247.79879,32.72291334,663.954,604.554,23.59751155,21.48638309,5138,4395541.65,855.4966232,2131056,2.104390452
SNOHOMISH,31015,Edmonds,> 10000,19898.93,102819314.5,5167.077552,4818.416433,348.661119,2711.25,28746297.01,10602.59917,1943.875,1983966.2,1020.624371,9156.629354,6184.366967,788.5594266,2073.752377,109.9505838,888.194,806.506,24.67300925,22.40381043,5184,6774588.76,1306.826535,3218004,2.293008965
SNOHOMISH,31016,Arlington,> 5000 and < 10000,5322.85,27369546.37,5141.896986,4831.529846,310.3671398,598.25,5011776.78,8377.39537,167.375,184307.74,1101.166482,8862.696661,6099.826942,741.0128484,2003.034985,18.82188489,232.69,222.39,23.93475426,22.87528471,2470,2226943.83,901.5966923,1027008,2.061963792
SNOHOMISH,31025,Marysville,> 10000,11188.99,59250770.07,5295.452947,4962.814715,332.6382319,1654.75,13919602.08,8411.906379,738.625,758822.31,1027.344471,9818.137579,6436.087912,1290.240695,1942.4372,149.3717717,499.766,458.596,24.39835934,22.3884578,4873,4091087.77,839.5419187,2102760,1.908614164
SNOHOMISH,31063,Index,<100,27.27,270796.46,9930.196553,8181.305097,1748.891456,1.375,13908.93,10115.58545,0.5,0,0,23575.39714,15556.72057,1561.356069,6457.320499,0,2.75,2.75,9.916363636,9.916363636,39,83098.14,2130.721538,13860,5.682256133
SNOHOMISH,31103,Monroe,> 5000 and < 10000,7744.68,40286428.69,5201.819661,4301.376603,900.4430577,748.625,6820014.26,9110.054113,421.25,437397.22,1038.33168,8422.448243,5926.324818,591.2733657,1801.226752,103.6233079,301.201,274.601,28.20339329,25.71266364,2897,2750462.59,949.4175319,1246428,2.289933273
SNOHOMISH,31201,Snohomish,> 5000 and < 10000,9635.99,49947099.19,5183.390517,4885.435958,297.9545589,1299.875,12212740.22,9395.31895,245,331906.63,1354.720939,9049.029476,6146.090996,663.1820591,2103.859867,135.8965534,421.73,385.021,25.02718034,22.84871837,5347,4871620.83,911.0942267,2191824,2.215441947
SNOHOMISH,31306,Lakewood,> 2000 and < 3500,2421.63,12271184.97,5067.324476,4728.296515,339.0279605,330.125,2287933.2,6930.505718,65.375,66944,1024,9372.842412,6142.822954,979.0141929,2251.005265,0,109.907,99.105,24.43499319,22.03344646,1652,1042008.6,630.7558111,664020,1.655063477
SNOHOMISH,31311,Sultan,> 2000 and < 3500,2118.95,10791281.93,5092.749678,4366.447193,726.3024847,257.375,2279419.07,8856.412122,104.25,93692.63,898.7302638,9251.784591,6192.949041,1109.951268,1936.452842,12.4314401,85.194,78.194,27.09862649,24.87205672,930,938186.2,1008.802366,399960,2.51225375
SNOHOMISH,31330,Darrington,> 250 and < 500,460.6,2663598.16,5782.887885,5066.385823,716.5020625,71.875,593342.27,8255.1968,0,0,0,12440.3564,7848.686062,2305.883304,2285.211702,0.575336518,24.5,23.5,19.6,18.8,203,123256.93,607.1769951,72360,1.907490603
SNOHOMISH,31332,Granite Falls,> 2000 and < 3500,2201.4,10685125.12,4853.786281,4591.48188,262.3044017,351.875,2488648.82,7072.536611,25.5,17496.42,686.1341176,9263.007073,6243.289866,1112.783279,1888.859671,18.07425729,95.069,89.141,24.6957068,23.15581315,1132,895058.36,790.6875972,493200,1.991512713
SNOHOMISH,31401,Stanwood-Camano,> 5000 and < 10000,5032.01,26658008.95,5297.686004,4934.180445,363.5055594,671,5939290.62,8851.401818,82.5,75957.12,920.6923636,9216.955924,6197.765348,835.3457346,2176.503405,7.341436126,236.119,218.901,22.98760627,21.3113303,2590,2518567.51,972.419888,1011600,2.39697935
SPOKANE,32081,Spokane,> 10000,29139.95,150193302.8,5154.205919,4842.325488,311.8804315,4423.375,34439926.51,7785.893466,1177.125,3071656.99,2609.456931,10209.15966,6611.575821,1582.427343,1952.606673,62.54982661,1429.359,1286.836,22.64464936,20.3867258,5546,8008839.68,1444.074951,2598444,3.051649037
SPOKANE,32123,Orchard Prairie,<100,72.05,407172.59,5651.250382,4928.673838,722.5765441,9.375,85960.78,9169.149867,0,0,0,11462.02679,8465.478695,1741.212075,1227.646912,27.68910479,3.777,3.777,19.07598623,19.07598623,68,25120.97,369.4260294,23760,1.036374158
SPOKANE,32312,Great Northern,<100,45.15,307610.01,6813.067774,5301.86423,1511.203544,5.25,43788.52,8340.670476,0,0,0,12931.68594,8663.775415,1086.165006,3181.745515,0,3,3,15.05,15.05,84,66043.27,786.2294048,37584,1.870831737
SPOKANE,32325,Nine Mile Falls,> 1000 and < 2000,1641.67,8502480.64,5179.165508,4771.627532,407.5379766,245.625,1418106.84,5773.462962,0,0,0,9185.004447,6452.904268,990.9971919,1739.036365,2.066621185,80.434,75.332,21.79246535,20.41014994,895,673795.24,752.8438436,370188,1.771001869
SPOKANE,32326,Medical Lake,> 1000 and < 2000,1997.65,10065251.93,5038.546257,4520.134929,518.4113283,267,1930413.89,7230.014569,10.375,9250.96,891.6587952,9510.656006,6507.297154,2411.343494,588.7119816,3.303376467,87.934,80.006,24.96875234,22.71760639,910,1032089.93,1134.164758,372420,2.753045218
SPOKANE,32354,Mead,> 5000 and < 10000,9134.7,46775600.24,5120.649856,4707.041144,413.6087118,1005.375,7603102.79,7562.454597,142.75,137084.25,960.3099825,8899.827768,6170.798635,997.1301674,1723.587203,8.311762838,408.6,378.65,24.12438928,22.35609398,4057,4403209.09,1085.336231,1648944,2.563466237
SPOKANE,32356,Central Valley,> 10000,12150.65,61674324.78,5075.804568,4720.685342,355.1192265,1720,14861019.49,8640.12761,232,211202.52,910.3556897,9146.432769,6284.681695,1045.415296,1812.793951,3.541826157,593.57,530.97,22.88387291,20.47045841,2966,3476492.23,1172.11471,1565568,2.350981401
SPOKANE,32358,Freeman,> 500 and < 1000,910.8,5157823.48,5662.959464,4565.125417,1097.834047,95.25,635074.7,6667.450919,0,0,0,9688.628404,6607.061561,846.9760211,1837.274682,397.3161397,39.74,37.74,24.13354531,22.91897333,533,542073.14,1017.022777,213120,2.481464855
SPOKANE,32360,Cheney,> 3500 and < 5000,3858.78,20283957.28,5256.572616,4674.727621,581.8449951,626.625,4727130.02,7543.794167,74.875,70255.1,938.2984975,9821.040798,6601.349883,1267.384347,1901.634037,50.67253121,182.481,163.448,23.60860947,21.14620152,1953,1610088.62,824.4181362,744120,2.169278759
SPOKANE,32361,East Valley (Spo),> 3500 and < 5000,4353.54,22578411.61,5186.218941,4720.188077,466.0308645,658.5,4530174.75,6879.536446,117.5,218175.66,1856.814128,9699.968828,6692.438937,1262.243983,1718.428564,26.85734368,191.59,174.42,24.96009632,22.72321102,1742,1752159.78,1005.83225,722700,2.365846824
SPOKANE,32362,Liberty,> 250 and < 500,452.73,2772955.7,6124.965653,5577.678329,547.2873236,64,445305.99,6957.906094,0,0,0,12435.16155,8342.926755,1450.878449,2623.76677,17.58957878,23.711,22.038,20.54315274,19.0936696,336,489561.6,1457.028571,129960,3.384596645
SPOKANE,32363,West Valley (Spo),> 3500 and < 5000,3777.24,19653042.82,5203.016705,4695.61909,507.3976157,521.375,3797011.06,7282.68724,91.125,143353.54,1573.152702,9581.192082,6304.107777,1255.688826,1925.534525,95.86095403,166.121,150.821,25.04452298,22.73788383,1374,948376.85,690.2306041,687384,1.430942719
SPOKANE,32414,Deer Park,> 2000 and < 3500,2539.81,11562708.09,4552.587827,4050.272505,502.3153228,341.375,2454103.31,7188.878242,4,1647.83,411.9575,9092.642725,6555.510861,1558.612239,817.9605482,160.5590773,106.065,97.698,25.99654036,23.94578796,1175,927327.9,789.215234,472572,2.020754107
SPOKANE,32416,Riverside,> 1000 and < 2000,1630.19,7691176.25,4717.96309,4365.376085,352.5870052,291.5,2263974.81,7766.637427,10,4075.23,407.523,10748.78664,7388.925315,1581.444249,1534.567106,243.8499745,67.687,61.747,26.4011207,24.0842407,895,1466910.99,1639.006693,370044,3.859970706
STEVENS,33030,Onion Creek,<100,43.94,288953.19,6576.085344,5403.361857,1172.723487,8.5,63019.97,7414.114118,0,0,0,22036.69936,15975.97747,4678.935366,1339.00091,42.78561675,2.985,2.985,14.72026801,14.72026801,63,114980.66,1825.089841,15480,6.540691214
STEVENS,33036,Chewelah,> 500 and < 1000,943.68,4811534.99,5098.693402,4599.718782,498.9746206,132.625,888945.3,6702.697832,2,1952.83,976.415,10229.61003,7051.995624,1741.757704,1271.78179,164.0749089,38.759,36.849,25.60937882,24.34737738,341,439450.95,1288.712463,141480,3.110600721
STEVENS,33049,Wellpinit,> 500 and < 1000,618.54,3576550.94,5782.246807,4893.591215,888.6555922,51,363909.73,7135.484902,0,0,0,12211.60974,6109.10376,5812.581741,289.924241,0,42.819,40.819,15.15323746,14.44545646,211,214633,1017.218009,77040,2.985741173
STEVENS,33070,Valley,> 500 and < 1000,995.89,5806818.21,5830.782727,3191.167639,2639.615088,55,365586.53,6647.027818,0,0,0,11931.95648,6331.488648,814.7664802,229.2587936,4556.442559,25.84,24.69,40.33576347,38.54063467,244,660134.07,2705.4675,80172,7.806296837
STEVENS,33115,Colville,> 2000 and < 3500,2723.43,13167210.82,4834.789519,3955.072064,879.7174556,253.5,1679567.64,6625.513373,51.375,38150.05,742.5800487,8465.915162,6503.3905,1120.178786,833.9742127,8.371663674,102.317,94.417,28.84469958,26.61757088,786,1211388.41,1541.206628,296028,4.027262286
STEVENS,33183,Loon Lake,> 250 and < 500,305.91,1086323.08,3551.119872,2494.021412,1057.09846,24,226572.66,9440.5275,0,0,0,7693.993233,5884.414109,1030.17345,779.4056749,0,9.434,9.434,32.42633029,32.42633029,269,606.09,2.253122677,88272,0
STEVENS,33202,Summit Valley,> 100 and < 250,103.22,447842.46,4338.717884,3263.284441,1075.433443,11.125,65113.6,5852.907865,0,0,0,9518.73261,7117.577504,1870.761771,530.3933346,0,4.84,4.84,21.32644628,21.32644628,62,45378.91,731.9179032,18720,2.242371795
STEVENS,33205,Evergreen (Ste),<100,14.03,95756.64,6825.134711,6384.477548,440.6571632,1.625,23292.97,14334.13538,0,0,0,28177.19102,20629.53172,7337.089095,210.5702067,0,1.079,1.079,13.00278035,13.00278035,18,45694.4,2538.577778,1440,18.7795625
STEVENS,33206,Columbia (Ste),> 100 and < 250,201.87,1574961.93,7801.862238,7002.646753,799.2154852,25.25,162541.98,6437.306139,0,0,0,16723.70204,11911.67771,3902.868628,666.6081141,242.5475801,15.046,15.046,13.41685498,13.41685498,171,286303.62,1674.290175,72720,3.781756601
STEVENS,33207,Mary Walker,> 500 and < 1000,582.75,2692394.97,4620.154389,3668.92973,951.2246589,82.375,691341.97,8392.618756,0,0,0,10393.82272,7633.957169,2303.758541,389.6461433,66.46086658,22.778,21.778,26.75865552,25.58389674,329,378812.42,1151.405532,125964,2.885598822
STEVENS,33211,Northport,> 250 and < 500,370.41,1843113.7,4975.874571,3616.110229,1359.764342,20.625,209096.72,10138.02279,0,0,0,9824.685835,7794.520531,1302.067277,706.8095084,21.28851813,15.271,15.158,24.43660113,24.25577893,98,185843.77,1896.365,46080,4.707051649
STEVENS,33212,Kettle Falls,> 500 and < 1000,981.06,5003163.88,5099.753206,3913.494404,1186.258802,97.625,732022.53,7498.310166,0,0,0,9130.1204,6700.15309,1286.294906,1135.548335,8.124069884,36.02,34.62,28.33795494,27.23653526,327,561620.63,1717.494281,123840,4.309805313
THURSTON,34002,Yelm,> 5000 and < 10000,5264.6,25589890.31,4860.747314,4471.548121,389.1991927,669.625,5352558.15,7993.36666,61.375,84044.08,1369.353646,8757.958776,6215.745975,936.2646469,1605.304808,0.643346123,250.026,230.142,22.87544212,21.05621015,3304,2317778.85,701.5069159,1274076,1.849211217
THURSTON,34003,North Thurston,> 10000,13475.86,69880553.58,5185.609941,4889.543014,296.0669271,1776.125,16897000.06,9513.407029,409.875,468358.36,1142.685843,9248.981883,6184.060428,1002.482305,2046.874683,15.56446787,663.808,607.225,22.1925316,20.30084,5472,4579543.03,836.9047935,2325312,1.967684633
THURSTON,34033,Tumwater,> 5000 and < 10000,6677.63,31541935.47,4723.522488,4322.758354,400.7641334,789.25,6825122.54,8647.605372,101.125,99434.98,983.2878121,9057.453866,6281.784716,759.9973344,2000.155277,15.51653955,281.827,258.927,25.7896241,23.69407473,2835,2454879.29,865.9186208,1156824,2.132596921
THURSTON,34111,Olympia,> 5000 and < 10000,9027.16,48957773.69,5423.386058,4978.860291,444.5257678,1207.375,12539914.48,10386.09751,206.875,189653.27,916.7529668,9293.419754,6134.41054,786.1014638,2310.794258,62.11349306,417.298,373.557,24.16541518,21.63240658,2829,2970647.39,1050.069774,1195308,2.372448306
THURSTON,34307,Rainier,> 500 and < 1000,884.94,4585348.4,5181.535923,4900.38389,281.1520329,98.5,673723.6,6839.833503,0,0,0,8927.81662,6078.768753,1037.024454,1812.023414,0,45.83,43.83,20.19028063,19.30918612,447,358081.17,801.076443,189900,1.884837915
THURSTON,34324,Griffin,> 500 and < 1000,626.69,3530626.01,5633.767908,4380.129011,1253.638896,82.125,785594.45,9565.838052,0,0,0,10996.18334,6738.921221,812.2124974,3221.159249,223.8903764,30.337,28.737,21.80777395,20.65761282,438,575404.13,1313.708059,163908,3.301367657
THURSTON,34401,Rochester,> 2000 and < 3500,2203.64,9407828.86,4269.222223,3919.189087,350.0331361,270,2241850.75,8303.150926,101.75,121748.2,1196.542506,9839.254542,6984.649861,1194.749809,1659.729625,0.125247318,96.075,90.075,24.4645018,22.93666406,1396,1496435.07,1071.944893,504720,2.838776728
THURSTON,34402,Tenino,> 1000 and < 2000,1221.09,6882686.23,5636.510192,5145.436364,491.0738275,180.875,1371993.53,7585.313227,13.75,11693.57,850.4414545,9848.535947,6559.531541,1117.963221,2165.604018,5.437166794,59.735,55.235,22.10717842,20.44178455,635,926356.57,1458.829244,275040,3.102678301
WAHKIAKUM,35200,Wahkiakum,> 250 and < 500,450.64,2436042.5,5405.739615,4811.257767,594.481848,86.25,490207.35,5683.563478,15.625,9652.67,617.77088,10447.95333,7708.294337,926.5945766,1813.064419,0,21.99,21.496,20.96390026,20.49295134,284,241208.86,849.3269718,111240,1.984628101
WALLA WALLA,36101,Dixie,<100,26.23,259077.41,9877.14106,6954.371712,2922.769348,9.5,31443.62,3309.854737,0,0,0,30783.83378,18202.21616,4087.029356,8494.588258,0,2,2,13.115,13.115,31,126701.47,4087.144194,14040,7.92089245
WALLA WALLA,36140,Walla Walla,> 5000 and < 10000,6054.49,31064910.88,5130.888131,4589.943937,540.9441935,792.875,6369613.7,8033.566073,773.75,804629.01,1039.908252,10135.38468,6562.665863,1878.579015,1582.097952,112.0418516,273.393,265.393,22.81329952,22.14573892,1065,1125736.01,1057.029117,483444,2.127032562
WALLA WALLA,36250,College Place,> 500 and < 1000,709.71,4281439.63,6032.660706,4831.309183,1201.351524,113.125,789982.08,6983.267006,163,180718.83,1108.704479,11918.73234,6740.720224,2146.519226,2994.196841,37.2960505,36.255,32.255,22.00310029,19.57550683,264,268035.53,1015.286098,181944,1.602622235
WALLA WALLA,36300,Touchet,> 250 and < 500,293.19,1886249.03,6433.538081,5952.193117,481.344964,27.375,171886.91,6278.973881,16.75,20701.54,1235.912836,11879.65125,8010.843821,1469.800607,2386.216481,12.79034073,20.849,20.075,14.60473225,14.06254497,151,94991.9,629.0854305,53280,1.212141517
WALLA WALLA,36400,Columbia (Wal),> 500 and < 1000,867.77,4412235.44,5084.567846,4707.366445,377.2014013,100.125,759015.72,7580.681348,77.375,64351.44,831.6825848,9945.39923,6339.775401,1197.847056,2381.000876,26.77589684,43.123,42.123,20.60085939,20.12313615,387,400693.3,1035.383204,182016,2.327548567
WALLA WALLA,36401,Waitsburg,> 250 and < 500,333.09,1882867.35,5652.728542,5082.049236,570.6793059,41.625,327852.58,7876.338258,0,0,0,10937.50389,8133.375334,1291.76691,1421.437539,90.9241046,18.814,18.564,17.9427925,17.70436909,41,107915.62,2632.088293,11520,8.993047743
WALLA WALLA,36402,Prescott,> 100 and < 250,239.02,1796157.48,7514.674421,6588.78073,925.8936909,21.75,196568.64,9037.638621,55.25,54723.25,990.4660633,14772.49661,9885.852983,2526.17032,2360.473308,0,17.88,16.88,14.15995261,13.36800895,193,241072.88,1249.08228,60840,4.059205786
WHATCOM,37501,Bellingham,> 10000,10399.62,57205124.51,5500.693728,5134.986327,365.7074008,1454.875,12022287.11,8263.4502,561.25,695602.76,1239.38131,9621.447613,6181.900767,1003.328595,2357.420897,78.79735413,475.4,432.15,24.0648386,21.87551536,3302,2918265.67,883.7873016,1438380,1.87573548
WHATCOM,37502,Ferndale,> 5000 and < 10000,5138.39,28520748.08,5550.522261,4859.661157,690.8611044,767.625,6253114.27,8146.053438,234.125,224595.19,959.2960598,9622.413155,6339.498172,1171.133791,2105.810532,5.970660071,254.132,238.799,21.51763617,20.21937418,2064,2072810.06,1004.26844,981720,2.227019069
WHATCOM,37503,Blaine,> 2000 and < 3500,2106.09,11879734.49,5640.658514,5150.74711,489.9114045,275.375,2232118.14,8105.739955,89,96512.82,1084.413708,9772.926855,6357.5877,946.5826674,2459.992085,8.764402281,98.912,90.411,23.29462123,21.29256309,1039,897698.92,864.0028104,382824,2.435408569
WHATCOM,37504,Lynden,> 2000 and < 3500,2750.57,13560981.38,4930.244051,4376.989784,553.2542673,346.75,2478769.87,7148.579293,235.5,242315.9,1028.942251,9143.185965,6176.707857,1150.711896,1811.188655,4.577556652,118.938,112.628,24.42172462,23.1260825,1343,830963.66,618.7369025,520560,1.623511238
WHATCOM,37505,Meridian,> 2000 and < 3500,2084.68,9411649.13,4514.673298,3441.051605,1073.621693,178.625,1393983.21,7803.964787,106.625,113696.46,1066.320844,8232.891739,6019.471065,792.8951973,1420.525476,0,66.919,63.919,32.6144026,31.15228859,972,755296.16,777.0536626,402624,1.731738222
WHATCOM,37506,Nooksack Valley,> 1000 and < 2000,1569.07,8178492.29,5212.31831,4773.472503,438.8458068,268.875,1831943.85,6813.366248,185.875,203748.05,1096.156288,10629.45009,6753.864761,1563.71116,1955.625638,356.2485358,71.314,65.314,24.02348654,22.00227164,1094,704925.93,644.356426,433152,1.715936161
WHATCOM,37507,Mount Baker,> 2000 and < 3500,2102.9,11881015.68,5649.824376,5212.945879,436.8784964,328.25,2340518.54,7130.292582,131.5,156028.22,1186.526388,10204.81447,6697.604608,1251.054734,2226.141918,30.01321033,106.216,98.816,21.28096665,19.79833547,1460,1146419.14,785.218589,572112,1.898021192
WHITMAN,38126,Lacrosse,> 100 and < 250,106.96,1371889.34,12826.19054,11219.12042,1607.07012,12.125,96029.04,7919.920825,0,0,0,22713.15978,16388.43455,1541.95503,4782.770194,0,13.779,13.099,8.165508817,7.762537194,44,206022.42,4682.327727,17280,12.12171354
WHITMAN,38264,Lamont,<100,26.11,280028.68,10724.95902,9164.247798,1560.711222,5.625,57109.92,10152.87467,0,0,0,27742.77097,17823.06856,4201.503638,5162.914209,555.2845653,2.742,2.742,9.522246535,9.522246535,24,38825.45,1617.727083,12960,3.247912037
WHITMAN,38265,Tekoa,> 100 and < 250,200.5,1534677.71,7654.252918,7107.849726,546.403192,36.625,218896.27,5976.689966,0,0,0,14912.45102,10998.76728,2118.031621,1733.575711,62.07640898,13.951,12.951,15.48143001,14.37172963,27,92908.16,3441.042963,14220,6.310632911
WHITMAN,38267,Pullman,> 2000 and < 3500,2289.83,10710102.02,4677.247665,4211.706703,465.5409616,252.5,1960900.06,7765.940832,66.125,113277.64,1713.083403,8996.875772,6077.739937,900.7350065,2007.840429,10.56039968,100.182,93.634,24.45511246,22.8567008,376,752540.94,2001.43867,340092,1.838037854
WHITMAN,38300,Colfax,> 500 and < 1000,629.17,3315662.51,5269.899248,4638.282404,631.6168444,67.25,528816.01,7863.435093,0,0,0,9682.615462,6820.650476,1045.722476,1786.934851,29.3076593,32.136,30.136,20.87768782,19.57835449,402,357613.06,889.5847264,132480,2.636882473
WHITMAN,38301,Palouse,> 100 and < 250,195.95,1480434.08,7555.162439,6499.44741,1055.715029,27.25,262871.81,9646.671927,0,0,0,13810.21409,9955.783873,1195.381628,2386.589436,272.4591477,13.352,12.102,16.19153859,14.67570401,0,12340.09,0,0,0
WHITMAN,38302,Garfield,<100,84.48,1127261.33,13343.529,11159.82469,2183.704309,18,162861.58,9047.865556,0,0,0,27752.38258,20471.87902,3006.103575,3437.683239,836.7167377,11.025,10.275,8.22189781,7.662585034,169,232933.33,1378.303728,63468,3.118839888
WHITMAN,38304,Steptoe,<100,36,302933.64,8414.823333,7753.3075,661.5158333,3.875,31715.63,8184.67871,0,0,0,18574.9975,13465.45306,1407.3,3702.244444,0,3.6,3.6,10,10,39,63733.52,1634.192821,16920,3.42562234
WHITMAN,38306,Colton,> 100 and < 250,173.79,1406895.15,8095.37459,7377.122562,718.2520283,20.125,141197.29,7016.01441,0,0,0,15485.18586,11047.27988,1260.272455,3168.565107,9.068415904,13.192,12.692,13.6928774,13.17389327,58,115025.19,1983.192931,28440,4.655324191
WHITMAN,38308,Endicott,<100,66.82,966578.69,14465.40991,13180.61763,1284.792278,6.375,72988.46,11449.1702,0,0,0,32390.52499,25579.44298,2907.112242,3667.887758,236.0820114,9.428,9.178,7.280453258,7.087399236,81,171995.95,2123.40679,24480,6.032639297
WHITMAN,38320,Rosalia,> 100 and < 250,210.59,1453316.9,6901.167672,6245.336293,655.8313785,16.25,159668.03,9825.724923,0,0,0,15966.39845,10995.65977,2048.52747,2921.719692,0.491523814,14.369,14.369,14.65585636,14.65585636,84,161404.34,1921.480238,38700,4.401063566
WHITMAN,38322,St. John,> 100 and < 250,173.5,1289984.64,7435.069971,6474.863573,960.2063977,15.5,146758.12,9468.265806,0,0,0,15968.47159,12057.65856,1596.678905,2157.661326,156.4727954,10.95,10.9,15.91743119,15.84474886,115,324798.35,2824.333478,47520,7.203931187
WHITMAN,38324,Oakesdale,> 100 and < 250,111.78,1117250.75,9995.08633,9212.950617,782.135713,12.875,84993.12,6601.407379,0,0,0,21230.39077,16217.43747,1867.32394,3143.392825,2.236536053,10.882,10.722,10.42529379,10.27200882,35,207555.82,5930.166286,18000,10.58989556
YAKIMA,39002,Union Gap,> 500 and < 1000,630.1,2881296.05,4572.759959,4055.546405,517.2135534,90.75,511361.59,5634.838457,145.25,153347.89,1055.751394,9824.040486,6472.535883,1760.748707,1590.755896,0,27.644,26.144,24.10113219,22.79337288,101,72318.26,716.0223762,44280,1.347794941
YAKIMA,39003,Naches Valley,> 1000 and < 2000,1406.4,6625818.88,4711.190899,4351.122099,360.0687998,140.875,1027661.37,7294.845572,63.5,76656.97,1207.196378,9107.103733,6258.98435,1297.483625,1550.635758,0,63.999,58.546,24.02213644,21.97534336,753,616032.22,818.1038778,304200,2.109690039
YAKIMA,39007,Yakima,> 10000,15324.93,63634598.16,4152.358162,3666.238715,486.1194465,1858.875,16075199.01,8647.810644,3867.875,3129109.6,808.9996704,10385.35721,6788.219812,2643.54942,902.3914295,51.19654706,655.041,600.557,25.51786092,23.39537525,2332,2665505.92,1143.01283,1199088,2.102297029
YAKIMA,39090,East Valley (Yak),> 2000 and < 3500,2718.8,12873157.73,4734.867489,4290.306496,444.5609938,371.25,2608370.69,7025.914316,215.375,173129.12,803.8496576,9006.422756,6431.34712,1131.845641,1417.875978,25.35401648,121.25,117.05,23.22768048,22.42309278,1384,947163.89,684.3669725,567792,1.545087356
YAKIMA,39119,Selah,> 2000 and < 3500,3284.12,14536329.54,4426.247987,4034.557464,391.6905229,412.875,2874209.98,6961.453176,202.75,192275.08,948.335783,9504.966222,6530.359153,1318.128034,1655.604524,0.874511285,128.487,115.787,28.36346049,25.55993992,1342,864025.96,643.8345455,511236,1.614498588
YAKIMA,39120,Mabton,> 500 and < 1000,959.04,4366517.36,4553.008592,4105.940764,447.0678282,111.25,710126.38,6383.158472,364.875,328233.46,899.577828,10628.58773,7023.154206,3135.921567,442.1199846,27.39197531,40.025,38.233,25.08408966,23.96102436,197,159519.62,809.744264,81360,1.879061701
YAKIMA,39200,Grandview,> 3500 and < 5000,3517.65,13759985.15,3911.698193,3657.301284,254.3969099,422.875,2820064.9,6668.790777,1055.25,976814.04,925.6707321,9537.784888,6756.620934,2377.763552,392.0616463,11.33875457,153.394,142.381,24.70589475,22.93212251,1053,793699.26,753.7504843,436500,1.552878442
YAKIMA,39201,Sunnyside,> 5000 and < 10000,6042.97,23106940.9,3823.772235,3568.952103,254.8201315,776.5,4816557.79,6202.90765,1686.625,1521747.48,902.2441147,10022.7908,6607.996353,3085.582348,310.7833532,18.42874447,288.761,262.781,22.99622119,20.9272374,2149,1545723.83,719.2758632,879156,1.759156589
YAKIMA,39202,Toppenish,> 3500 and < 5000,3606.77,12946188.71,3589.413439,3559.574317,29.83912198,427.625,2727773.05,6378.8905,1197.625,1191839.68,995.1693393,10056.39022,6745.897798,2767.646213,542.8462114,0,158.373,140.912,25.59590383,22.77389454,1077,831810.29,772.3401021,463968,1.747606193
YAKIMA,39203,Highland,> 1000 and < 2000,1177.57,5212171.44,4426.209431,4043.061007,383.1484243,145.875,901625.55,6180.809254,233.125,227683.87,976.6600322,9753.939086,6708.244979,1952.546643,1093.147465,0,54.985,51.985,22.65211119,21.41620442,701,372916.02,531.977204,257040,1.452481793
YAKIMA,39204,Granger,> 1000 and < 2000,1499.06,6490131.22,4329.467279,4145.651195,183.8160847,155.625,1016791.7,6533.601285,541.375,445553.61,823.0036666,10288.77378,7024.201826,2820.307986,444.2639721,0,71.392,67.392,22.24388651,20.99759077,478,291260.08,609.3307113,189000,1.594119471
YAKIMA,39205,Zillah,> 1000 and < 2000,1305.29,4982755.39,3817.355063,3690.315524,127.0395391,138.125,906831.22,6565.2939,158.75,142139.91,895.3695118,8901.745122,6345.588199,1794.9453,761.2116235,0,58.434,55.534,23.50433968,22.33785125,368,227055.42,616.9984239,229536,1.112962106
YAKIMA,39207,Wapato,> 2000 and < 3500,3322.85,15382195.93,4629.217669,4345.565954,283.6517146,425.75,2862338.81,6723.05064,816.125,833034.47,1020.719216,9832.448154,6647.950133,2930.1785,244.6410942,9.678426652,156.996,141.855,23.42427126,21.16518892,1333,1078487.22,809.0676819,546768,2.003023897
YAKIMA,39208,West Valley (Yak),> 3500 and < 5000,4786.45,22589332.92,4719.433593,4288.090123,431.3434696,691.125,4230147.12,6120.668649,64.875,47158.41,726.9119075,9040.236507,6289.314605,1205.081697,1545.840205,0,190.152,180.152,26.56895288,25.17170474,1988,1314629.06,661.2822233,795168,1.626395542
YAKIMA,39209,Mount Adams,> 1000 and < 2000,1006.32,5618855.87,5583.567722,5118.896246,464.6714763,154.25,1055521.25,6842.925446,122.5,118580.33,968.0026939,12949.44986,6993.224233,5584.723597,249.4511388,122.0508884,54.78,51.38,19.58583106,18.37020811,613,627465.03,1023.597113,203400,2.815189086
