ZipCode,Hispanic/Latino,White,Black,Native American,Asian,Hawaiian/Pacific Islander,Other,Multiracial
98001,4.20,82.80,2.60,1,5.80,0.50,0.30,3
98002,8.10,79.90,2.30,2,3.20,0.50,0.10,3.70
98003,8.60,65,8.60,1,11.10,1,0.20,4.80
98004,3.10,83.70,1.20,0,9.40,0.20,0.10,2.10
98005,5.10,73.20,1.90,0,16.50,0.20,0.40,2.50
98006,2.70,73.40,1.60,0,19,0.20,0.30,2.70
98007,9.80,60.40,2.70,0,22.60,0.30,0.20,3.50
98008,5.80,74.90,1.80,0,13.80,0.30,0.20,2.80
98010,2.40,92.20,0.10,1,1,0,0.20,2.60
98011,4.70,84.50,1.30,1,5.80,0.20,0.20,2.80
98012,3.90,83.20,1.20,1,8.20,0.30,0.20,2.50
98012,3.90,83.20,1.20,1,8.20,0.30,0.20,2.50
98012,3.90,83.20,1.20,1,8.20,0.30,0.20,2.50
98014,2.90,91.90,0.10,1,1.90,0.10,0.30,1.80
98019,4,91.50,0.50,0,1.60,0,0,1.90
98020,2.20,90.40,0.80,1,3.90,0.10,0.20,1.90
98021,3.10,86.80,1,1,5.60,0.20,0.10,2.60
98022,3.70,91.80,0.20,1,0.70,0.10,0.10,2
98023,6.10,68.40,6.70,1,12.80,0.90,0.20,4.10
98024,3,91,0.90,1,1.10,0.10,0.10,2.70
98026,3.70,82.90,1.50,1,7.60,0.30,0.10,3.20
98027,3.40,87.60,0.80,1,5.10,0.10,0.20,2.30
98028,3.60,84.90,1.30,0,6.90,0.20,0.20,2.60
98029,2.50,83.50,0.70,0,10.40,0.10,0.20,2.30
98031,6.10,67.70,7.30,1,12.30,0.70,0.60,4.60
98032,10.80,65.70,8.90,1,7.90,1,0.40,4.30
98033,3.20,85.90,1.10,0,6.60,0.20,0.20,2.40
98034,5.30,79.30,1.80,0,9.50,0.20,0.20,3.20
98036,6.40,75.10,2.50,1,11.10,0.40,0.10,3.50
98036,6.40,75.10,2.50,1,11.10,0.40,0.10,3.50
98037,5.20,74.70,2.50,1,12.40,0.40,0.20,3.70
98038,2.90,90.60,0.90,1,2,0.10,0.20,2.70
98039,1.40,91.40,0.20,0,5,0.10,0.10,1.50
98040,1.90,82.80,1.10,0,11.80,0.10,0.20,1.90
98042,3.50,86.20,2.10,1,4,0.30,0.30,2.70
98042,3.50,86.20,2.10,1,4,0.30,0.30,2.70
98043,5.70,75.20,2.50,1,10.50,0.60,0.30,4.20
98045,2.70,92.10,0.50,1,1.60,0.20,0.10,1.90
98047,6.70,82.10,1.20,1,4.80,0.20,0.10,3.50
98051,1.50,94.70,0.60,1,0.30,0,0.10,1.90
98052,5.50,77.30,1.40,0,12.30,0.20,0.30,2.70
98053,2.40,87.30,0.80,0,6.60,0.10,0.20,2.30
98055,6.60,60.80,11.20,1,15.50,0.70,0.50,4.20
98056,6.60,72.30,4.80,1,11.70,0.30,0.20,3.50
98056,6.60,72.30,4.80,1,11.70,0.30,0.20,3.50
98058,3.60,74.90,4.90,1,11.80,0.40,0.20,3.50
98059,5.40,79.10,2.50,1,9.10,0.20,0.20,2.70
98059,5.40,79.10,2.50,1,9.10,0.20,0.20,2.70
98065,3.20,90,0.50,2,1.80,0.10,0.30,2.30
98070,2.60,91.90,0.40,1,1.50,0.10,0.30,2.60
98072,4.10,87.80,0.70,0,4.30,0.20,0.30,2.30
98092,4.30,82.60,1.80,4,3.30,0.20,0.20,3.20
98102,3.90,83,3.10,1,5.90,0.20,0.30,3
98103,4,83.40,2.20,1,5.90,0.20,0.30,3.10
98105,3.70,75.80,2,1,13.80,0.20,0.30,3.80
98106,11.10,44.20,11.70,2,22.80,1.90,0.40,6.40
98107,4.80,84.80,1.90,1,3.70,0.20,0.30,3.30
98108,12.20,23,14.50,1,42.80,1.40,0.30,4.80
98109,3.60,84.50,2.90,1,5.40,0.20,0.20,2.60
98110,2.20,91.70,0.30,1,2.30,0.10,0.20,2.60
98112,2.70,81.40,8.60,0,3.90,0.10,0.20,2.80
98115,3,82.70,1.80,0,8.40,0.20,0.30,3.20
98116,3.40,86.80,1.70,1,3.70,0.20,0.20,3.10
98117,3.60,86.10,1.30,1,4.80,0.10,0.30,2.80
98118,7.20,24.80,25.60,1,34,1.50,0.30,5.80
98119,3.10,86.80,2,1,4.40,0.20,0.20,2.80
98122,6.90,54.30,24.60,1,7.80,0.50,0.30,4.50
98125,5.80,68.20,4.90,1,15,0.30,0.40,4.60
98126,6.10,69.10,7.10,1,10.90,0.90,0.20,4.50
98133,5.20,70.40,4.10,1,14.50,0.30,0.20,4.20
98133,5.20,70.40,4.10,1,14.50,0.30,0.20,4.20
98134,10.40,47.50,18.10,5,11.60,0.20,5,2.20
98136,3.80,86,2.40,1,3.50,0.40,0.30,2.70
98144,8.80,32.80,21.40,1,30.30,0.50,0.30,5
98146,11.40,61,5.40,1,14.60,2.20,0.20,3.90
98146,11.40,61,5.40,1,14.60,2.20,0.20,3.90
98148,10.20,69.80,5.40,1,7.80,0.90,0.30,4.70
98148,10.20,69.80,5.40,1,7.80,0.90,0.30,4.70
98148,10.20,69.80,5.40,1,7.80,0.90,0.30,4.70
98155,3.50,77,2.70,1,11.70,0.30,0.20,3.90
98155,3.50,77,2.70,1,11.70,0.30,0.20,3.90
98166,7.50,81.40,3.20,1,3.80,0.50,0.10,2.60
98166,7.50,81.40,3.20,1,3.80,0.50,0.10,2.60
98168,13.70,58.70,7.60,1,11.70,1.80,0.30,5
98168,13.70,58.70,7.60,1,11.70,1.80,0.30,5
98168,13.70,58.70,7.60,1,11.70,1.80,0.30,5
98177,2.50,86.50,1.20,0,6.30,0.30,0.30,2.70
98177,2.50,86.50,1.20,0,6.30,0.30,0.30,2.70
98178,4.30,39.40,26,1,23.60,0.60,0.30,5.20
98188,11.70,56.80,10.80,1,11.70,2.20,0.40,5.30
98188,11.70,56.80,10.80,1,11.70,2.20,0.40,5.30
98198,8.80,67.40,8.10,1,8.40,1.70,0.10,4.40
98198,8.80,67.40,8.10,1,8.40,1.70,0.10,4.40
98199,3.30,85.50,1.60,1,5.80,0.30,0.20,2.80
98201,6.60,80.40,3.40,2,3.70,0.30,0.20,3.50
98203,4.80,83.40,2,1,5.60,0.20,0.10,2.80
98203,4.80,83.40,2,1,5.60,0.20,0.10,2.80
98204,11.10,69.80,4,1,9.10,0.40,0.20,4.20
98204,11.10,69.80,4,1,9.10,0.40,0.20,4.20
98208,4.90,80.20,2.60,1,7.50,0.40,0.20,3.40
98220,5.70,89.70,0,1,0.20,0,0.30,3.40
98221,2.70,92,0.30,1,1.50,0.10,0.10,2.20
98223,3.70,90.70,0.60,1,1.50,0.20,0.20,2.10
98225,4.40,86.50,0.80,2,3.70,0.20,0.30,2.50
98226,4.10,85,0.70,4,3.40,0.10,0.20,2.20
98226,4.10,85,0.70,4,3.40,0.10,0.20,2.20
98230,4.20,88.90,1,1,2.40,0.30,0.20,2.10
98232,6.30,89.80,0.10,1,1.70,0.30,0.10,1.10
98232,6.30,89.80,0.10,1,1.70,0.30,0.10,1.10
98233,16.40,78.60,0.50,1,1.60,0.30,0.10,1.70
98235,4.20,87.40,0,7,0,0,0,1.10
98237,2.20,93.50,0.20,1,0.60,0.10,0.10,2.20
98239,3.30,90.40,1.10,1,1.50,0.10,0.20,2.80
98240,6.90,88.60,0.60,1,1.30,0,0.40,1.30
98241,1.20,91,0.20,4,0.40,0,0.40,2.60
98244,2.50,86.90,0.50,5,0.80,0,0.20,3.90
98245,1.80,93.10,0.30,0,1.10,0.20,0.30,2.70
98247,10.30,83.40,0.20,3,0.90,0,0.20,1.70
98248,7.40,84.20,0.60,4,1.60,0.10,0.20,2.30
98250,2.80,93.70,0.30,1,0.90,0.10,0.10,1.30
98251,2.80,91.40,0.40,1,0.90,0.20,0.40,3
98252,4,91.10,0.30,1,0.70,0.20,0.10,2.20
98256,0.80,92.20,0,2,1.10,0,0,4.20
98257,3.70,76.80,0.30,17,0.60,0,0,1.90
98258,2.60,92.10,0.50,1,1.10,0.20,0.20,2.40
98260,1.80,93.90,0.30,1,1.30,0.20,0.10,1.80
98261,2.70,93.20,0.10,1,0.80,0,0,2
98262,0.70,95.30,0.50,1,0.50,0,0.20,2
98264,7.20,88.70,0.20,0,1.90,0,0.10,1.40
98270,4.60,86.40,0.90,1,3.80,0.30,0.10,2.60
98271,4.20,81.30,0.50,9,1.90,0.20,0.10,2.50
98272,7.30,85.60,1.90,1,1.70,0.20,0.20,2.20
98273,23.30,70.80,0.60,1,2.20,0.10,0.20,1.90
98273,23.30,70.80,0.60,1,2.20,0.10,0.20,1.90
98274,10.90,84.10,0.50,1,1.60,0.20,0.10,1.90
98275,3,80.60,1.60,1,10.80,0.30,0.30,2.80
98277,5.70,77.50,4,1,7,0.60,0.20,3.90
98280,3.40,94.20,0,1,0.50,0,0,1.10
98284,5.30,89.70,0.40,2,0.70,0.10,0.20,1.60
98286,0.40,94,0.40,2,0.40,0,0,3
98288,2.80,91.20,0.70,0,1.20,0,0.50,3.20
98290,2.80,93,0.30,1,1,0.10,0.10,2
98292,2.60,93.40,0.30,1,0.70,0.20,0.20,1.70
98294,3.80,90.20,0.30,2,1.20,0.10,0.20,2.70
98295,6,88.40,0.10,2,1.10,0.10,0.10,2.30
98296,3,89.60,0.50,1,3.90,0.10,0.10,2.30
98297,0,95.20,0,0,1,0,0,3.80
98303,8.70,72.20,14.30,2,0.70,0.20,0.10,1.70
98304,2.10,91.70,0.30,2,1.80,0,0.60,2
98310,4.50,76.60,5.10,1,5.90,1,0.20,5.50
98311,3.60,76.80,3.70,1,8.30,1.50,0.30,4.90
98311,3.60,76.80,3.70,1,8.30,1.50,0.30,4.90
98312,5.10,78.70,4.80,2,4.40,0.70,0.20,4.70
98312,5.10,78.70,4.80,2,4.40,0.70,0.20,4.70
98320,1.90,90.10,0.30,2,0.60,0.20,0.90,4.40
98321,2.50,92.40,0.60,1,0.90,0.20,0.10,2.30
98323,1.50,95.10,0,1,0.10,0,0.10,2.40
98325,1.90,90.50,0.10,1,1.10,0,0.70,4.70
98326,10.20,80.50,0.40,4,0.40,0.20,0.70,3.50
98327,4.70,75.60,5.90,1,7.70,0.40,0.50,4.60
98328,3.10,90.60,0.50,1,1.10,0.20,0.20,2.90
98329,2.20,91,0.60,1,1.10,0.30,0.30,3.60
98331,12.80,75.50,1.30,7,1.20,0.20,0,1.90
98332,2.80,90.20,1.90,1,1.70,0.20,0.20,2.10
98335,2.70,91.40,0.80,1,1.90,0.20,0.20,2.20
98337,9.90,67.80,9.50,2,4.60,0.80,0.60,4.90
98338,3.10,88.30,1.30,1,1.60,0.60,0.30,3.60
98339,2.60,88.80,0.20,2,1.50,0.10,0.10,4.30
98346,2.70,84.80,0.40,7,1.40,0.30,0.40,2.70
98349,2.90,91.80,0.40,1,0.80,0,0.30,2.40
98350,5.40,10.50,0.50,79,0,0,0,4.90
98354,3.50,88.40,1.10,1,2.80,0.30,0.20,2.90
98356,1.10,95.20,0.20,1,0.80,0.20,0,1.60
98357,6.50,12.50,0.20,76,0.10,0,0.10,4.90
98359,3,90.40,0.70,1,0.90,0.10,0.30,3.20
98360,3.10,91.40,0.50,1,0.90,0.30,0.30,2.50
98362,2,92.10,0.40,2,1,0.10,0.10,2.10
98363,2.20,87.30,0.50,6,1.10,0.20,0.20,2.70
98366,4.10,83.90,2.20,1,3.30,0.90,0.20,4.20
98367,3.20,87.70,1,1,2.40,1,0.20,3.50
98368,1.90,92.70,0.50,1,1.20,0.20,0.20,2.20
98370,3.40,88.30,0.60,2,2.20,0.30,0.30,3.10
98371,4.80,87.10,1.40,1,2.50,0.20,0.20,2.70
98371,4.80,87.10,1.40,1,2.50,0.20,0.20,2.70
98372,3.90,87.90,1,1,3,0.20,0.10,2.90
98372,3.90,87.90,1,1,3,0.20,0.10,2.90
98373,3.90,85.10,2.40,1,3.10,0.50,0.10,3.90
98374,4.10,86.40,1.80,1,2.90,0.40,0.20,3.30
98375,4.30,84.70,2.30,1,3.40,0.50,0.20,3.50
98375,4.30,84.70,2.30,1,3.40,0.50,0.20,3.50
98376,1.40,89.40,0.70,2,0.80,0.10,0.70,4.60
98377,2.30,94.40,0.40,1,0.10,0.20,0,1.60
98381,7.20,66.30,16.30,5,1.90,1.50,0.30,2
98382,2.30,93,0.20,1,1.30,0.10,0.10,1.60
98383,4.10,77,2.90,1,9.80,0.80,0.30,4.20
98387,5.30,73.80,7,1,5,1.60,0.30,5.60
98388,5.40,75.40,6.50,1,6,0.60,0.40,5
98390,3.50,91,0.60,1,1.20,0.20,0.10,2.30
98390,3.50,91,0.60,1,1.20,0.20,0.10,2.30
98390,3.50,91,0.60,1,1.20,0.20,0.10,2.30
98392,3.20,80.60,0.40,8,2.80,0.20,0.60,4.20
98394,2,95.50,0,0,0.80,0.10,0.30,1.30
98402,4.90,67.50,15.90,2,4.80,0.50,0.20,3.70
98403,3.80,84.40,4.40,1,2.30,0.30,0.20,3.60
98404,13,49.10,12.60,4,13.20,1.20,0.20,6.50
98405,6,56.60,21.10,2,7,0.80,0.40,6
98406,3.50,83.40,4.40,1,3.50,0.50,0.20,3.70
98407,3.30,84.30,4.50,1,3,0.20,0.20,3.70
98407,3.30,84.30,4.50,1,3,0.20,0.20,3.70
98408,7.10,66.40,9.90,2,7.50,1.30,0.30,5.90
98409,9.50,59.70,14.70,2,6.30,1.30,0.20,6.60
98422,3.80,77.80,5,1,8,0.40,0.30,3.70
98424,13,64.50,6.40,4,6.50,1.20,0.10,4.90
98433,13.10,55.90,19.70,1,3.30,1.70,0.40,4.60
98433,13.10,55.90,19.70,1,3.30,1.70,0.40,4.60
98439,9.80,67.20,11.50,1,3.80,0.90,0.30,5.40
98439,9.80,67.20,11.50,1,3.80,0.90,0.30,5.40
98443,2.70,88.40,1.90,2,1.70,0.10,0.10,3.40
98444,7.40,60.90,12.30,1,9.60,1.80,0.30,6.50
98445,4.90,70.80,8,1,7.30,1.50,0.30,5.80
98446,3.80,84.20,3.40,1,3,0.40,0.10,3.90
98465,4.80,73.60,8.70,1,6.40,0.80,0.20,4.70
98466,3.60,78,7.90,1,4.90,0.50,0.30,4.10
98466,3.60,78,7.90,1,4.90,0.50,0.30,4.10
98466,3.60,78,7.90,1,4.90,0.50,0.30,4.10
98467,4.70,67.90,10.90,1,9.70,0.70,0.20,5.20
98498,6,67.20,10.60,1,8.10,1.30,0.30,5.40
98498,6,67.20,10.60,1,8.10,1.30,0.30,5.40
98499,10.50,55.60,13,1,10.50,2.30,0.20,6.40
98501,3.80,87,1.10,1,3.50,0.30,0.30,2.90
98501,3.80,87,1.10,1,3.50,0.30,0.30,2.90
98502,3.90,84.50,1.50,1,5.80,0.20,0.30,2.70
98503,6.20,77,4.30,1,6.30,0.80,0.30,3.70
98506,3.60,87,1.50,1,3.40,0.20,0.20,2.90
98506,3.60,87,1.50,1,3.40,0.20,0.20,2.90
98512,2.90,88.70,1.40,1,2.80,0.20,0.20,2.80
98512,2.90,88.70,1.40,1,2.80,0.20,0.20,2.80
98513,5.30,75.30,4.40,3,6.20,1.20,0.50,4.40
98513,5.30,75.30,4.40,3,6.20,1.20,0.50,4.40
98516,5.20,76.30,4.10,1,8.30,1,0.20,3.70
98520,7.40,84.80,0.40,3,1.70,0.10,0.10,2.60
98526,14.90,68.80,0,14,0.20,0,0,1.90
98528,3.60,88.30,0.60,1,1.90,0.60,0.40,3.30
98531,9,86.60,0.30,1,0.90,0.20,0.10,1.70
98532,4.80,91.10,0.70,1,0.80,0.20,0.10,1.30
98537,3.20,91.50,0.10,2,1.10,0.10,0.10,2.30
98538,8.30,88.80,0,1,0,0,0,1.60
98541,3.60,89.80,0.40,1,1,0.20,0,3.60
98546,2.10,92.10,1,1,0.50,0.20,0.30,2.50
98550,4.90,87.80,0.30,3,1.10,0.10,0,2.40
98557,2,93.60,0.20,1,0.30,0,0.30,2.90
98563,1.70,93.80,0.10,2,0.90,0.10,0,1.80
98564,4.50,92,0.30,2,0.30,0,0.10,1.10
98565,4,92.20,0.20,2,0.20,0.80,0.20,0.80
98568,5.20,73.30,0.40,17,0.30,0.10,0.20,3.60
98569,1.70,91.60,0.60,2,1.20,0.10,0.30,2.30
98570,3.40,93.10,0.10,1,0.30,0,0.10,1.90
98571,6.30,64.90,0.20,22,1,0.60,0,4.80
98572,1.70,93.60,0.20,2,0.70,0.50,0,1.50
98576,2.80,91.70,0.50,1,0.70,0.10,0.10,3.20
98577,5.60,86.20,0.10,2,3.80,0.10,0,2.20
98579,6.60,86.90,0.90,2,0.70,0.20,0.20,2.90
98580,3.70,88.20,1.10,2,1.20,0.50,0.30,3.20
98584,6,83.80,1.50,5,0.90,0.40,0.20,2.40
98586,8.90,78.90,0.10,4,4,0,0,3.70
98587,1.40,6.30,0,90,0.90,0,0,1.10
98589,3.30,91.30,0.50,1,1.20,0.10,0.10,2.20
98591,3.20,93,0.30,1,0.20,0.10,0.10,1.70
98595,2.60,91.50,0.30,3,0.70,0.10,0,2.30
98596,5.30,91,0.10,1,0.50,0.10,0.20,1.70
98597,4.40,87.40,1.10,2,1.20,0.60,0.10,3.60
98601,1.60,94.20,0.40,1,0.30,0.20,0.10,2.10
98603,2,93.60,0.10,1,0.50,0.30,0.70,1.60
98604,2.90,93.40,0.40,1,0.70,0.10,0.10,1.70
98605,17,79.20,0.20,2,0.40,0,0,1.30
98606,1.60,94.80,0.30,0,0.90,0.20,0.10,1.80
98607,2.60,91,0.60,1,3,0.20,0.10,1.90
98610,4.80,88,0.50,3,0.40,0,1.20,2.30
98611,2.60,93.20,0.20,1,0.40,0.20,0,2.20
98612,1.90,93.80,0.30,1,0.40,0,0,2.20
98613,5.30,89.60,0,1,0.60,0,0.60,2.50
98617,3.90,86.10,0.30,3,2,0,0.10,4.40
98619,3.10,80.50,0.80,12,0.20,0,0,3.30
98620,4.80,86.80,0.20,5,0.60,0.40,0.40,2.20
98624,4.80,90.80,0.30,1,0.40,0.10,0,2.30
98625,1.90,94.50,0.40,1,0.40,0.10,0,1.60
98626,4.60,90.20,0.50,1,0.80,0.10,0,2.20
98628,3.40,91.90,0,4,0,0,0,1
98629,3.50,92.30,0.30,1,1,0,0.10,2.10
98631,4.10,90.70,0.10,1,1.10,0,0.20,2.70
98632,4.90,88.60,0.60,1,1.90,0.10,0.10,2.30
98635,4,86.20,0.10,4,1.40,0.10,0.40,3.60
98638,3.40,87.70,0.70,3,0.70,0.20,0.10,4.20
98640,3.70,93,0.10,2,0.40,0.10,0,1.10
98642,2.30,93.10,0.40,1,1.30,0.10,0.10,2
98648,3.40,90.50,0.10,3,0.60,0,0.40,2.20
98648,3.40,90.50,0.10,3,0.60,0,0.40,2.20
98649,2.60,94,0.10,0,0.30,0.10,0,2.40
98650,4.10,92.40,0,1,0.50,0.10,0.40,1.80
98660,6.10,85.60,2.30,1,1.40,0.30,0.10,2.90
98661,9.70,78.60,3,1,3.40,0.60,0.20,3.50
98662,4.20,86.20,1.80,1,3.80,0.60,0.10,2.50
98662,4.20,86.20,1.80,1,3.80,0.60,0.10,2.50
98663,6.40,85.40,2,1,1.90,0.40,0.10,2.90
98664,4.90,85.40,2.20,1,3.60,0.40,0.20,2.60
98665,7.30,84.60,2.30,1,2.10,0.30,0.10,2.60
98671,2.30,93.30,0.30,1,0.80,0.10,0.20,1.90
98672,11.40,84.90,0.10,1,0.60,0.10,0.10,1.90
98673,2.30,85.90,0,9,0,0,0,2.30
98674,6.40,90.10,0.20,1,0.60,0.10,0.10,1.70
98675,2.60,91.50,1.90,1,0.60,0.10,0.20,2.40
98682,4.20,85.10,1.80,1,4.30,0.50,0.20,3.20
98683,4.50,80.40,2.30,1,8.60,0.40,0.20,3
98684,4.40,84.90,2,1,4.50,0.70,0.10,2.70
98685,3,90,1.20,1,2.70,0.10,0.10,2.40
98686,4.60,89.40,1,1,2.20,0.10,0.10,2.10
98801,19.80,76.50,0.20,1,0.90,0.10,0.10,1.50
98802,13.80,83.20,0.20,1,0.60,0.10,0.10,1.30
98812,42,50.60,0.30,5,0.30,0,0,1.80
98813,60.50,36.40,0,1,0.30,0.10,0.40,0.90
98815,18.20,78.90,0.20,1,0.40,0.10,0.10,1.50
98816,21.70,74.90,0.10,1,0.50,0.10,0.20,1.50
98822,18.50,78,0.30,1,0.50,0,0.10,1.40
98823,11.60,84.90,0.30,1,0.60,0.10,0.20,1.60
98826,6,91.20,0.10,1,0.30,0.10,0.20,1.40
98830,5.20,91,0,1,0,0.20,0,2.20
98831,36.60,61,0,1,0.30,0,0.20,0.90
98837,21,72.80,1.80,1,1.20,0,0.10,2.20
98840,10.90,78.10,0.40,8,0.20,0,0.10,2.70
98841,11.20,65.70,0.20,19,0.80,0.10,0.20,2.90
98843,46.90,51.30,0.10,1,0.30,0,0,0.60
98844,13.90,80.50,0.30,3,0.40,0,0.40,1.70
98845,2.10,91.60,0,0,5.30,0,0,1.10
98846,29,66.60,0,1,0.90,0.20,0.10,1.80
98847,23.80,73.60,0.10,0,0.30,0.50,0.10,1.30
98848,49.10,48.50,0.10,0,0.70,0,0.10,1.10
98850,34.90,62.20,0,1,0.30,0,0,1.30
98851,9.40,86,0.50,1,0.20,0,0.10,2.60
98852,0,98,0,0,1,0,0,1
98855,12.30,83.70,0.10,2,0.40,0.10,0.20,1.60
98856,1.30,95.80,0.10,1,0.40,0,0.20,1.20
98857,54.60,43.60,0,0,0.70,0,0.10,0.60
98858,8,88.60,0.40,1,0.40,0,0.10,1.60
98860,2.70,93.40,0,1,0.80,0,0,2.30
98862,1.80,96.60,0.10,0,0.40,0.10,0,0.50
98901,42.80,50.40,2.40,2,0.60,0,0.10,1.80
98902,28.80,65.20,1.40,1,1,0.10,0.10,1.90
98903,17.60,77.10,0.50,2,0.60,0.10,0,2
98903,17.60,77.10,0.50,2,0.60,0.10,0,2
98908,10.10,85.20,0.70,1,1.50,0.10,0.10,1.80
98922,1.90,94.70,0.30,1,0.40,0.10,0.20,1.10
98922,1.90,94.70,0.30,1,0.40,0.10,0.20,1.10
98923,29.70,68.50,0,1,0.20,0,0.20,0.80
98925,6.50,90.60,0,1,1.20,0.20,0,0.70
98926,5.40,88.10,0.80,1,2.70,0.10,0.20,1.80
98930,59.30,38.20,0.30,1,0.70,0.10,0.20,0.70
98932,69.10,25.80,0,4,0.10,0,0,1.10
98933,35.20,35.40,0.30,25,0.30,0,0,3.50
98934,9.40,86.60,1,1,0,0,1,0.80
98935,71.80,24.30,0.10,2,0.40,0,0,1.40
98936,25.60,70.90,0.50,1,0.40,0,0,1.40
98936,25.60,70.90,0.50,1,0.40,0,0,1.40
98937,8.20,88.60,0.20,0,0.40,0.10,0,2.20
98938,50.80,46.60,0.10,1,0.30,0,0.40,1.30
98941,1.40,95.30,0.90,1,0,0.20,0,1.60
98942,9.80,86.20,0.30,1,0.60,0,0.10,1.90
98944,66.60,31.20,0.20,0,0.50,0,0.10,0.80
98946,3.50,93.30,0,1,0,0,0.20,2.20
98947,41.30,56.10,0.10,1,0.40,0,0.10,0.80
98948,62.20,20.10,0.30,15,0.40,0,0.20,1.90
98951,51.90,23.20,0.20,20,2.20,0,0.10,2.40
98952,14.50,21.80,0.50,58,0.60,0,0,4.40
98953,31.80,62.50,0.30,2,0.70,0.10,0.50,2.10
99001,3.40,81.90,3.20,3,2.40,0.80,0.20,4.80
99003,1.40,95.70,0.10,1,0.20,0,0.10,1.50
99003,1.40,95.70,0.10,1,0.20,0,0.10,1.50
99004,3.50,87,1.50,1,4.10,0.20,0.10,2.30
99005,1.50,95.50,0.10,1,0.70,0.10,0.10,1.50
99006,1.90,94,0.10,1,0.20,0.10,0.20,2
99011,8.20,76.20,7.10,1,3.30,0.30,0.50,3.90
99016,2.10,94,0.40,1,0.80,0.10,0.10,1.80
99016,2.10,94,0.40,1,0.80,0.10,0.10,1.80
99017,0,95.90,0,2,0.50,0,0,1.40
99019,2.10,92.90,0.70,0,2.30,0.10,0.10,1.60
99021,1.80,94.40,0.40,1,0.70,0.10,0.20,1.60
99022,3.40,89.30,2.60,1,1.60,0.10,0.20,1.90
99025,1.80,93.80,0.30,1,0.80,0.10,0.20,1.90
99026,1.30,95,0.50,1,0.70,0.10,0,1.50
99027,1.60,94.40,0.10,1,1.20,0,0.10,1.60
99029,2,92.50,0.20,2,0.40,0.30,0,2.20
99030,1.20,97.20,0.10,0,0,0,0,1.30
99031,1.30,95,0,1,0.50,0,0.20,1.80
99032,2.80,93.10,0,2,0.30,0,0,1.80
99033,1.40,93.30,0.30,2,0.80,0.10,0,2
99037,2,92.50,0.80,1,2.30,0.10,0.10,1.60
99040,3.50,11.10,0.40,81,1.10,0.10,0,2.60
99101,1.40,93.80,0.50,1,0.90,0,0.20,2.10
99103,0.70,94.50,0.30,2,1.60,0,0,1.40
99105,10.50,89.50,0,0,0,0,0,0
99109,1.60,92.80,0.10,2,0.50,0.10,0.30,3
99111,1.70,94.40,0.20,1,1.40,0,0.10,1.40
99113,1.20,96.60,0,1,0.40,0,0.10,0.50
99114,1.70,93.20,0.20,2,0.50,0.10,0.20,2.50
99115,3,94,0.50,1,0.20,0,0,1.50
99116,3,58,0.30,34,0.40,0.10,0.10,4.40
99117,2,93.20,0.40,1,0.50,0.20,0,2.20
99118,4.40,82.90,0.30,4,0.80,0,4.20,3.60
99119,1.10,81.60,0.30,15,0.20,0.20,0.10,2
99122,1.80,95.30,0.30,1,0.20,0,0.20,1
99125,4.40,86.50,1.40,0,5.60,0,0,1.80
99130,0.90,96.70,0,1,0.10,0,0.20,1.50
99131,0.50,92,0,5,0,0,0,2.70
99133,4.50,85,0.50,8,1,0,0.10,0.80
99134,1.60,96.10,0,1,0.20,0,0,1.10
99137,1.30,86.90,0.30,4,0.30,0.30,2,4.90
99138,2.10,26.60,0,69,0,0.10,0.10,2.40
99139,2.20,92.30,0.20,1,0.70,0,0,3.20
99140,3.20,22.10,0.20,68,0,0,0,6.60
99141,2.20,91.20,0.30,3,0.30,0.20,0.50,2.70
99143,0.40,95.70,0,2,0.40,0.40,0.10,1.40
99148,1.80,92.60,0.20,2,0.60,0.10,0,2.60
99153,1.40,95.50,0,1,0.90,0,0,1.40
99155,3.70,8.70,0.10,86,0.10,0.10,0.10,1.60
99156,2.50,93.80,0.10,1,0.60,0.20,0.10,1.50
99157,4.80,90,1.30,1,0.40,0.10,0.30,2.20
99158,0.70,98.70,0,0,0.20,0,0,0.30
99159,3,95.30,0.10,1,0.20,0,0.10,0.70
99160,0,97.40,0,2,0,0,0.90,0
99161,1.20,96.10,0,1,0.10,0,0.30,1.40
99163,3.70,82.20,2.20,1,8,0.30,0.10,2.80
99166,2.50,91.40,0.30,2,0.20,0.10,0.20,3.30
99169,3.40,94.20,0.20,1,0.40,0,0,1.30
99170,0.70,96.80,0.30,1,0.20,0,0.10,0.60
99171,1.70,96.50,0,0,0.40,0.10,0,0.80
99173,1.90,84.80,0.30,9,0.20,0,0.20,3.50
99181,1.80,94.70,0.20,2,0.20,0.40,0.20,0.70
99185,1.10,94.10,0.20,2,0.10,0.10,0,2.70
99201,4.20,82.40,3.40,5,1.50,0.10,0.20,3.40
99202,4.30,80.40,4.60,2,3.50,0.30,0.20,4.40
99203,2.20,92.30,0.90,1,1.60,0.10,0.10,2.10
99204,3.40,86.20,2.50,2,2.20,0.20,0.30,3.50
99205,2.70,90.20,1.30,1,1.70,0.10,0.10,2.40
99206,2.70,92.10,0.90,1,1.20,0.10,0.10,1.90
99206,2.70,92.10,0.90,1,1.20,0.10,0.10,1.90
99207,3.40,85.60,2.40,2,2.30,0.20,0.20,3.70
99208,2.20,91.50,1,1,2,0.30,0.10,2
99212,2.20,91.50,1,1,1.50,0.10,0.20,2.20
99216,2.50,91.80,0.90,1,1.80,0.10,0.10,1.90
99216,2.50,91.80,0.90,1,1.80,0.10,0.10,1.90
99217,2.60,89.70,0.80,1,2.60,0.10,0.10,2.70
99218,2.40,91.60,0.90,1,1.50,0.50,0.10,2
99223,2,91.40,1.30,1,2.20,0.20,0.10,2.20
99224,4.70,85.60,3.70,2,1.80,0.10,0.20,2.20
99301,47.90,46.10,2.40,0,1.50,0.10,0.10,1.40
99320,13.30,83.40,0.20,1,1,0,0.10,1.20
99322,4.90,92.70,0,1,0,1.20,0,0
99323,9.80,86.60,0.30,1,0.40,0.10,0.10,1.80
99324,12.10,82.60,1.10,0,1.70,0.40,0.20,1.60
99326,37.60,53.50,3.10,1,3.70,0.10,0.10,1.30
99328,6.40,90.60,0.20,1,0.40,0.10,0,1.40
99329,6.10,89.20,0,3,0,0,0,1.30
99335,8.30,88.50,0,1,0.30,0,0,2.10
99336,18.60,74.80,1.10,1,2,0.10,0.20,2.50
99337,8.40,87.30,0.60,1,1.40,0.10,0.10,1.60
99338,4.60,91.50,0.50,0,1.30,0.10,0.10,1.40
99341,10.70,85.90,0.20,0,0.50,0.10,0,2.30
99343,50.30,47.80,0.20,0,0.70,0,0,0.60
99344,58.90,39.40,0.10,0,0.40,0,0.10,0.90
99345,50.90,49.10,0,0,0,0,0,0
99347,1.90,96.20,0,0,0.60,0,0,0.90
99348,52.40,45.50,0.50,1,0.40,0,0,0.60
99349,72.50,25.60,0.10,0,0.60,0,0.20,0.70
99350,35.60,62.10,0.20,0,0.50,0.20,0.10,0.90
99352,4.70,87.20,1.30,1,4,0.10,0.20,1.80
99353,4.50,91.10,0.50,0,1.60,0,0.10,1.70
99356,17.10,81.70,0,0,0,0,0,1.10
99357,63.10,35.20,0.10,0,0.60,0,0.10,0.60
99359,1.40,95.80,0,1,0,0,0,1.40
99360,14.60,83.40,0,1,0.30,0,0,1.10
99361,4.10,92.50,0.40,1,0.40,0.10,0.20,1.70
99362,16,77.90,2,1,1.10,0.20,0.20,1.80
99371,3.10,94.70,0,1,0,0,0,1.20
99402,1,96.80,0.10,1,0.40,0.10,0,0.80
99403,2,94.30,0.20,1,0.50,0,0.10,1.60
