ZipCode,Latitude,Longitude,Population,PeoplePerSquareMile,HousingUnits,LandAreaInSqMi,WaterAreaInSqMi
98002,47.304221,-122.216029,30815,4050.51,13082,7.61,0.01
98003,47.311072,-122.311882,42255,3523.09,17542,11.99,0.08
98004,47.618371,-122.203083,22650,3053.42,11671,7.42,0
98005,47.611021,-122.168582,17089,2115.38,7954,8.08,0.01
98006,47.562975,-122.152604,35332,3257.91,13391,10.84,0
98007,47.610935,-122.141047,23048,5283.47,10758,4.36,0.01
98008,47.609222,-122.115509,23522,4331.58,9348,5.43,0.09
98010,47.317802,-122.014793,4426,246.59,1715,17.95,0.62
98011,47.751471,-122.202571,26380,3249.66,10790,8.12,0
98012,47.84311,-122.204579,38397,2467.16,14819,15.56,0
98012,47.84311,-122.204579,38397,2467.16,14819,15.56,0
98012,47.84311,-122.204579,38397,2467.16,14819,15.56,0
98014,47.648232,-121.91265,6894,144.29,2480,47.78,0.46
98019,47.7353,-121.96222,8193,248.64,2949,32.95,0.18
98020,47.803668,-122.370967,18141,3447.33,8257,5.26,0
98021,47.790653,-122.22021,20391,2039.89,7732,10,0
98022,47.193729,-121.919151,21661,184.26,8375,117.55,0.2
98023,47.309021,-122.361783,47572,4643.84,17529,10.24,0.04
98024,47.565642,-121.886381,4787,137.33,1782,34.86,0.26
98026,47.821568,-122.336517,34456,3911.14,13912,8.81,0.17
98027,47.522828,-122.02921,22219,421.35,9166,52.73,0.04
98028,47.75287,-122.24736,18165,3312.17,7379,5.48,0
98029,47.572401,-122.020654,28427,1164.38,10511,24.41,0.27
98031,47.388461,-122.196446,64214,4121.03,23865,15.58,0.05
98032,47.388254,-122.259326,28778,1728.76,13085,16.65,0.02
98033,47.67903,-122.193409,30393,3750.8,14408,8.1,0
98034,47.71828,-122.197026,40380,4095.69,16943,9.86,0.01
98036,47.808816,-122.283942,33705,3418.26,13006,9.86,0.02
98036,47.808816,-122.283942,33705,3418.26,13006,9.86,0.02
98037,47.848237,-122.283485,44026,3776.74,17974,11.66,0.17
98038,47.381989,-122.035536,22590,690.1,7917,32.73,0.3
98039,47.626571,-122.232805,3050,2072.2,1181,1.47,0
98040,47.569271,-122.232337,22036,3452.05,8806,6.38,0
98042,47.363382,-122.114513,38023,1238.63,13069,30.7,0.48
98042,47.363382,-122.114513,38023,1238.63,13069,30.7,0.48
98043,47.790969,-122.305392,20333,5109.28,8206,3.98,0
98045,47.483057,-121.732542,13717,67.36,5411,203.64,2.28
98047,47.26619,-122.244635,5174,1996.32,1950,2.59,0
98051,47.359414,-121.88657,2881,56.42,1103,51.07,0.08
98052,47.677471,-122.121383,50249,2673.24,21856,18.8,0.01
98053,47.640972,-122.033189,31203,964.31,10646,32.36,0.15
98055,47.467422,-122.210057,26953,2373.1,12370,11.36,0.01
98056,47.510739,-122.183722,24261,3839.21,10710,6.32,0
98056,47.510739,-122.183722,24261,3839.21,10710,6.32,0
98058,47.448322,-122.14584,37481,1817.71,13859,20.62,1.37
98059,47.493031,-122.141695,27993,1104,10991,25.36,0.1
98059,47.493031,-122.141695,27993,1104,10991,25.36,0.1
98065,47.530639,-121.830531,3822,179.94,1476,21.24,0.12
98070,47.416198,-122.468211,10123,273.85,4867,36.97,0
98072,47.758786,-122.102053,35196,874.82,12193,40.23,0.26
98092,47.297285,-122.16328,25470,652.89,8955,39.01,0.08
98102,47.63287,-122.322536,19424,14564.96,12913,1.33,0
98103,47.671346,-122.341662,41971,9107.04,21886,4.61,0.4
98105,47.66377,-122.301182,38963,9504.89,15317,4.1,0
98106,47.53282,-122.354436,23317,4505.55,8833,5.18,0.02
98107,47.66747,-122.374688,18516,8516.29,10151,2.17,0
98108,47.546188,-122.315144,21223,2890.82,7583,7.34,0.32
98109,47.630648,-122.346756,16018,8181.67,10100,1.96,0
98110,47.65526,-122.535083,20308,735.63,8517,27.61,0.06
98112,47.629653,-122.297527,20480,6585.05,10414,3.11,0
98115,47.68382,-122.30122,43567,6573.64,20185,6.63,0.02
98116,47.57487,-122.393925,20826,6976.68,10990,2.99,0
98117,47.685919,-122.378389,29667,7534.26,13624,3.94,0
98118,47.543348,-122.27496,40791,6661.37,14574,6.12,0
98119,47.63877,-122.366941,19662,8202.59,10836,2.4,0
98122,47.61157,-122.30406,28790,12266.85,14588,2.35,0
98125,47.716648,-122.303086,34994,6513.5,16446,5.37,0
98126,47.54687,-122.374805,18906,5467.64,8701,3.46,0
98133,47.733852,-122.344618,42896,6101.8,19734,7.03,0.07
98133,47.733852,-122.344618,42896,6101.8,19734,7.03,0.07
98134,47.57867,-122.33441,636,190.04,46,3.35,0
98136,47.538887,-122.388031,14138,6039.94,7020,2.34,0
98144,47.58577,-122.30081,24913,7378.5,10420,3.38,0
98146,47.501753,-122.35688,25574,5758.42,10022,4.44,0.01
98146,47.501753,-122.35688,25574,5758.42,10022,4.44,0.01
98148,47.443756,-122.33068,9519,2829.71,4552,3.36,0
98148,47.443756,-122.33068,9519,2829.71,4552,3.36,0
98148,47.443756,-122.33068,9519,2829.71,4552,3.36,0
98155,47.753019,-122.303738,33914,4402.63,13463,7.7,0.02
98155,47.753019,-122.303738,33914,4402.63,13463,7.7,0.02
98166,47.458821,-122.349435,20302,3406.75,8808,5.96,0.06
98166,47.458821,-122.349435,20302,3406.75,8808,5.96,0.06
98168,47.491327,-122.302708,30198,3346.84,11908,9.02,0.01
98168,47.491327,-122.302708,30198,3346.84,11908,9.02,0.01
98168,47.491327,-122.302708,30198,3346.84,11908,9.02,0.01
98177,47.740886,-122.369785,18920,3205.13,7697,5.9,0.01
98177,47.740886,-122.369785,18920,3205.13,7697,5.9,0.01
98178,47.497971,-122.246645,21860,4333.55,8725,5.04,0.03
98188,47.450321,-122.274721,22583,2307.76,10118,9.79,0.17
98188,47.450321,-122.274721,22583,2307.76,10118,9.79,0.17
98198,47.397521,-122.315,33561,4510.97,13169,7.44,0
98198,47.397521,-122.315,33561,4510.97,13169,7.44,0
98199,47.64767,-122.397589,19156,4562.74,9416,4.2,0
98201,47.986274,-122.202222,30320,4315.57,12639,7.03,0
98203,47.943468,-122.217925,31626,2971.26,12773,10.64,0.02
98203,47.943468,-122.217925,31626,2971.26,12773,10.64,0.02
98204,47.90296,-122.250641,31351,5551.08,14121,5.65,0
98204,47.90296,-122.250641,31351,5551.08,14121,5.65,0
98208,47.893451,-122.197973,45498,2869.43,17247,15.86,0.14
98220,48.681582,-122.197701,648,26.97,240,24.03,0
98221,48.495234,-122.619769,18771,346.74,9082,54.14,1.23
98223,48.203856,-122.052887,33838,114.7,12821,295,1.66
98225,48.747578,-122.485086,42414,3572.24,18768,11.87,0.02
98226,48.759079,-122.435972,56465,327.2,23686,172.57,1.72
98226,48.759079,-122.435972,56465,327.2,23686,172.57,1.72
98230,48.961443,-122.73714,10743,263.41,7694,40.78,0.05
98232,48.559548,-122.413752,3553,62.57,1502,56.79,0
98232,48.559548,-122.413752,3553,62.57,1502,56.79,0
98233,48.486892,-122.333664,12521,395.28,4817,31.68,0.02
98235,48.461672,-122.23308,95,2171.78,43,0.04,0
98237,48.497601,-121.700181,2911,21.64,1330,134.55,0.3
98239,48.204162,-122.667239,5834,192.72,2953,30.27,0.67
98240,48.931679,-122.632562,2785,123.12,1020,22.62,0.01
98241,48.265483,-121.560752,1953,15.68,850,124.54,0.24
98244,48.841442,-122.125478,2339,17.32,1313,135.06,0.37
98245,48.672312,-122.919728,3217,96.63,1999,33.29,0.1
98247,48.900256,-122.320954,8162,123.39,2840,66.15,0.08
98248,48.852655,-122.618071,18131,258.05,6917,70.26,0.95
98250,48.55113,-123.075633,6894,112.46,4099,61.3,0.58
98251,47.851713,-121.666449,4181,58.57,1709,71.38,0.46
98252,48.070852,-121.822429,6552,27.22,2514,240.74,1.27
98256,47.84138,-121.506896,523,6.1,670,85.75,0.64
98257,48.393063,-122.504762,3606,219.39,1819,16.44,0.04
98258,48.028355,-122.063278,16491,693.55,5950,23.78,1.81
98260,48.030555,-122.448566,4878,187.81,2525,25.97,0.23
98261,48.481655,-122.882712,2179,72.09,1775,30.23,0.07
98262,48.699642,-122.666587,812,89.89,661,9.03,0.04
98264,48.943476,-122.457236,16795,268.39,6163,62.58,0.34
98270,48.061269,-122.158802,34724,2398.48,12919,14.48,0.1
98271,48.093129,-122.216143,23330,509.28,8459,45.81,0.24
98272,47.860245,-121.937343,23347,224.38,7823,104.05,0.63
98273,48.414576,-122.351966,25217,293.26,9491,85.99,0.51
98273,48.414576,-122.351966,25217,293.26,9491,85.99,0.51
98274,48.371026,-122.244322,13477,142.35,5692,94.67,2.43
98275,47.916148,-122.302939,19093,1772.79,7496,10.77,0
98277,48.303774,-122.650931,36676,594.85,14159,61.66,0.56
98280,48.594255,-122.91828,378,59.89,288,6.31,0.04
98284,48.518653,-122.165459,22940,97.98,8999,234.13,0.97
98286,48.575362,-122.966438,235,30,224,7.83,0
98288,47.658047,-121.414451,433,1.67,367,259.74,4.09
98290,47.930902,-122.039763,29394,294.39,10971,99.85,1.32
98292,48.222046,-122.389617,31532,269.79,13784,116.88,15.19
98294,47.86527,-121.78899,5621,125.08,2198,44.94,0.07
98295,48.971298,-122.201467,4826,70.01,2110,68.94,0.31
98296,47.846083,-122.110687,19475,551.48,6592,35.31,0.15
98297,48.701835,-123.026362,104,22.27,174,4.67,0
98303,47.16438,-122.695845,2416,168.03,748,14.38,0.23
98304,46.75523,-122.015442,794,24.74,701,32.09,0.04
98310,47.58675,-122.623715,18718,2756.72,8701,6.79,0
98311,47.629717,-122.634935,23582,2431.91,8730,9.7,0.03
98311,47.629717,-122.634935,23582,2431.91,8730,9.7,0.03
98312,47.564437,-122.712935,31968,499.58,13642,63.99,1.26
98312,47.564437,-122.712935,31968,499.58,13642,63.99,1.26
98320,47.705616,-122.928682,1197,13,1178,92.04,0.01
98321,47.155649,-122.052559,14652,401.88,5241,36.46,0.08
98323,47.035525,-121.951002,719,7.03,246,102.21,0.29
98325,47.974586,-122.783823,1348,53.52,547,25.19,0.19
98326,48.181608,-124.41188,550,4.36,409,126.16,0.05
98327,47.088719,-122.643266,2173,372.79,918,5.83,0.02
98328,46.884733,-122.292373,8785,65.69,3531,133.73,3.64
98329,47.378121,-122.722208,9257,363.36,3529,25.48,0.11
98331,47.838423,-124.358886,6220,15.61,2599,398.48,2.16
98332,47.364321,-122.600116,13130,626.59,5032,20.95,0.06
98335,47.301252,-122.605626,22953,1028.19,9244,22.32,0.02
98337,47.569167,-122.634799,8332,5233.43,3339,1.59,0
98338,47.028423,-122.291008,20694,386.68,7323,53.52,0.09
98339,48.036882,-122.759908,3498,204.73,1575,17.09,0.02
98346,47.807359,-122.519624,8278,275.2,3452,30.08,0.05
98349,47.268551,-122.768977,3875,176.39,2087,21.97,0.24
98350,47.905815,-124.622021,371,71.92,128,5.16,0
98354,47.248208,-122.317376,5678,2468.51,2412,2.3,0.04
98356,46.562676,-122.295145,2158,20.28,1011,106.39,0.05
98357,48.35306,-124.640767,1356,31.77,532,42.69,2.04
98359,47.43025,-122.571595,3927,330.67,1488,11.88,0
98360,47.039607,-122.146911,7524,57.49,2748,130.88,0.15
98362,48.097144,-123.406281,21274,87.41,10040,243.38,0.17
98363,48.102836,-123.637654,12167,32.76,5686,371.39,9.25
98366,47.53587,-122.599055,31594,1316.04,12416,24.01,0.04
98367,47.470971,-122.663356,24502,295.9,9038,82.8,0.95
98368,48.100255,-122.797363,12818,238.44,6619,53.76,0.22
98370,47.743302,-122.630413,25267,442.8,10233,57.06,0.01
98371,47.196272,-122.315778,20215,1631.78,8487,12.39,0
98371,47.196272,-122.315778,20215,1631.78,8487,12.39,0
98372,47.198591,-122.271315,20928,1559.5,8643,13.42,0.01
98372,47.198591,-122.271315,20928,1559.5,8643,13.42,0.01
98373,47.147862,-122.318644,16922,1793.62,6865,9.43,0
98374,47.140045,-122.260122,29098,1749.55,10550,16.63,0.07
98375,47.112477,-122.322471,14052,1538.34,4884,9.13,0
98375,47.112477,-122.322471,14052,1538.34,4884,9.13,0
98376,47.826111,-122.852339,1767,18.06,1046,97.84,0.4
98377,46.525156,-121.850948,2043,8.37,989,244.14,0.21
98381,48.283826,-124.371444,1484,56.13,462,26.44,0
98382,48.079979,-123.099166,21547,173.35,11019,124.3,0.02
98383,47.667257,-122.690554,19298,1104.5,7600,17.47,0.07
98387,47.077796,-122.405179,35899,580.44,12686,61.85,0.39
98388,47.164965,-122.600507,6278,846.07,2769,7.42,0
98390,47.196364,-122.188708,45264,845.58,16645,53.53,0.28
98390,47.196364,-122.188708,45264,845.58,16645,53.53,0.28
98390,47.196364,-122.188708,45264,845.58,16645,53.53,0.28
98392,47.735065,-122.557511,2362,1340.44,1046,1.76,0
98394,47.336226,-122.783098,786,181.47,423,4.33,0
98402,47.247671,-122.439711,4935,4362.58,2687,1.13,0
98403,47.263971,-122.45879,7777,7945.26,4522,0.98,0
98404,47.212421,-122.415602,30679,4002.3,10752,7.67,0.01
98405,47.248953,-122.465992,22355,5470.21,9890,4.09,0.02
98406,47.26302,-122.495185,23511,5328.54,10131,4.41,0
98407,47.28392,-122.504335,20523,3666.8,9119,5.6,0
98407,47.28392,-122.504335,20523,3666.8,9119,5.6,0
98408,47.209021,-122.444983,29095,5760.24,11509,5.05,0.04
98409,47.208987,-122.480534,21988,3049.13,9309,7.21,0.03
98422,47.296007,-122.398356,19726,2632.88,7817,7.49,0
98424,47.242186,-122.359167,4836,809.84,2278,5.97,0
98433,47.080682,-122.579876,19645,296.67,3651,66.22,0.24
98433,47.080682,-122.579876,19645,296.67,3651,66.22,0.24
98439,47.12562,-122.522941,6794,1066.76,2198,6.37,0.01
98439,47.12562,-122.522941,6794,1066.76,2198,6.37,0.01
98443,47.202874,-122.376787,5593,1172.01,2132,4.77,0
98444,47.153571,-122.448507,31712,4720.32,12665,6.72,0.05
98445,47.148269,-122.411961,22412,2269,8447,9.88,0
98446,47.1309,-122.375891,9178,827.73,3666,11.09,0.03
98465,47.247735,-122.528183,6564,4006.94,3097,1.64,0
98466,47.230402,-122.532728,24598,3693.48,11052,6.66,0
98466,47.230402,-122.532728,24598,3693.48,11052,6.66,0
98466,47.230402,-122.532728,24598,3693.48,11052,6.66,0
98467,47.203946,-122.529967,15165,3975.85,6051,3.81,0.01
98498,47.16062,-122.558779,28894,3008.49,12032,9.6,0.08
98498,47.16062,-122.558779,28894,3008.49,12032,9.6,0.08
98499,47.16632,-122.508443,28959,3257.91,13087,8.89,0.33
98501,47.014718,-122.8819,33049,892.62,14611,37.02,0.58
98501,47.014718,-122.8819,33049,892.62,14611,37.02,0.58
98502,47.071484,-122.977026,26142,475.78,11573,54.95,0.84
98503,47.027082,-122.803595,32466,2962.68,13495,10.96,0.78
98506,47.069339,-122.872496,17406,773.33,7777,22.51,0.34
98506,47.069339,-122.872496,17406,773.33,7777,22.51,0.34
98512,46.969793,-122.998022,24173,166.92,10146,144.82,1.21
98512,46.969793,-122.998022,24173,166.92,10146,144.82,1.21
98513,47.00581,-122.752859,24030,368.78,9191,65.16,0.94
98513,47.00581,-122.752859,24030,368.78,9191,65.16,0.94
98516,47.085046,-122.783761,14453,543.98,5884,26.57,0
98520,46.972965,-123.819235,21662,189.14,9758,114.53,0.1
98526,47.463965,-124.029389,430,5.72,226,75.22,0.12
98528,47.445292,-122.884177,7860,107.12,4035,73.38,0.3
98531,46.728383,-122.951422,21842,159.87,9337,136.62,0.25
98532,46.630721,-123.01599,20211,76.26,8000,265.04,0.02
98537,46.899189,-123.690705,1793,17.58,769,101.99,0
98538,46.483547,-123.101606,312,9.95,121,31.37,0
98541,47.03575,-123.407135,9163,46.61,4033,196.58,0.21
98546,47.321442,-122.929352,2256,63.34,1564,35.62,1.72
98550,47.026913,-123.917324,11733,51.87,5093,226.22,0.2
98557,47.054419,-123.273906,2776,94.45,1133,29.39,0.03
98563,47.034615,-123.603323,7380,35.24,3077,209.43,0.17
98564,46.50494,-122.486681,2240,34.05,998,65.78,0.33
98565,46.580105,-122.906996,499,1022.87,193,0.49,0
98568,46.84066,-123.256491,2347,21.9,885,107.17,0.17
98569,46.983877,-124.156076,4230,249.13,3570,16.98,0.53
98570,46.593526,-122.653469,3576,46.63,1457,76.69,0.03
98571,47.216861,-124.197401,478,221.79,317,2.16,0
98572,46.569107,-123.305785,865,34.33,376,25.19,0
98576,46.871178,-122.675736,3303,107.64,1304,30.69,0.02
98577,46.668744,-123.677082,6457,23.32,2897,276.86,0
98579,46.814438,-123.086471,9793,109.55,3664,89.39,0.01
98580,46.954282,-122.487543,9250,158.44,3361,58.38,0.29
98584,47.224044,-123.105384,31214,106.35,13371,293.49,2.74
98586,46.560786,-123.852143,2257,21.93,1093,102.91,0.01
98587,47.32251,-124.258144,900,53.51,281,16.82,0
98589,46.857968,-122.832609,6496,73.4,2564,88.5,0.51
98591,46.433226,-122.800836,2997,38.79,1205,77.27,0
98595,46.887187,-124.107356,2811,528.59,1884,5.32,0
98596,46.493247,-122.922624,6567,56.99,2546,115.23,0
98597,46.893352,-122.567197,14356,139.39,5797,102.99,2.84
98601,45.935656,-122.437267,2327,60.21,803,38.65,0.04
98603,46.001752,-122.456244,732,15.61,362,46.9,0.02
98604,45.791345,-122.517898,24572,303.8,8315,80.88,0.06
98605,45.719294,-121.478387,1186,35.44,537,33.47,0.02
98606,45.73451,-122.48034,8395,214.57,2785,39.13,0
98607,45.60916,-122.40547,18115,459.06,6745,39.46,0.5
98610,45.801513,-121.911477,2747,26.66,1173,103.03,0.01
98611,46.308371,-122.898702,8317,83.88,3304,99.15,0
98612,46.208318,-123.346244,2551,38.46,1202,66.32,0
98613,45.722786,-120.961634,489,4.49,208,108.8,0
98617,45.632051,-121.16835,956,177.83,408,5.38,0
98619,46.018228,-121.289041,522,11.98,244,43.57,0.02
98620,45.846697,-120.757033,6936,17.17,3108,403.94,0.22
98624,46.312541,-124.029688,1337,104.91,798,12.74,0.06
98625,46.015873,-122.797189,4483,89.99,1882,49.82,0
98626,46.150433,-122.885669,22549,175.71,9210,128.33,0.07
98628,45.82786,-121.098043,298,13.12,130,22.71,0
98629,45.8768,-122.62193,7105,169.44,2465,41.93,0.19
98631,46.365773,-124.050224,3411,145.13,2761,23.5,0.53
98632,46.156082,-122.980437,47202,445.17,19989,106.03,1.32
98635,45.726451,-121.197845,2193,14.93,1002,146.91,0.36
98638,46.370075,-123.765063,1370,10.98,591,124.8,0.02
98640,46.501781,-124.048018,3811,210.02,3964,18.15,0.09
98642,45.795825,-122.698044,12493,221.6,4674,56.38,1
98648,45.669604,-121.913325,2856,51.16,1264,55.83,1.5
98648,45.669604,-121.913325,2856,51.16,1264,55.83,1.5
98649,46.352771,-122.660546,735,15.5,297,47.41,0
98650,45.981582,-121.539503,779,14.24,428,54.69,0.05
98660,45.652255,-122.690092,10019,627.57,4415,15.96,0.77
98661,45.63873,-122.628466,36868,3510.41,15932,10.5,0.01
98662,45.671806,-122.578944,23772,1713.15,9079,13.88,0
98662,45.671806,-122.578944,23772,1713.15,9079,13.88,0
98663,45.647667,-122.661629,14152,3204.97,6130,4.42,0.02
98664,45.62104,-122.579473,20403,3794.2,8519,5.38,0
98665,45.681271,-122.667127,20631,2346.29,8638,8.79,0.06
98671,45.594465,-122.281126,15085,172.47,5950,87.47,0.14
98672,45.786727,-121.475236,5088,35.87,2199,141.83,0.08
98673,45.661878,-120.949978,213,87.04,122,2.45,0
98674,45.928662,-122.702848,9065,110.69,3475,81.9,0.42
98675,45.843674,-122.392214,4986,89.31,1485,55.83,0.03
98682,45.67309,-122.513192,42975,1412.68,15101,30.42,0
98683,45.604075,-122.510354,28210,3889.81,11999,7.25,0
98684,45.627459,-122.520237,20868,3300.1,7927,6.32,0
98685,45.709555,-122.68473,21148,2356.33,8088,8.97,0.21
98686,45.712623,-122.634191,13540,1335.49,5128,10.14,0.01
98801,47.425497,-120.328813,36551,257.41,14717,142,1.07
98802,47.436898,-120.257426,23179,204.24,8958,113.49,0.01
98812,48.112268,-119.752039,5327,21.56,1959,247.05,0.51
98813,47.999618,-119.661298,2348,22.17,875,105.93,0.1
98815,47.522546,-120.489668,7778,68.29,2915,113.9,0.42
98816,47.880774,-120.083792,6170,13.32,4183,463.16,2.64
98822,47.782158,-120.35944,1874,5,906,374.85,0.26
98823,47.297368,-119.571299,9897,36.32,3848,272.52,0
98826,47.728186,-120.738747,6586,6.58,4378,1000.77,7.75
98830,47.880616,-119.544811,498,1.55,264,322.16,0.53
98831,47.915227,-120.129345,3178,40,1540,79.46,0.85
98837,47.133606,-119.284554,32400,63.32,12517,511.7,2.66
98840,48.343356,-119.576567,4808,13.44,2040,357.64,2.8
98841,48.403174,-119.390664,8927,26.48,3600,337.18,0.12
98843,47.745842,-120.093262,1556,24.1,840,64.57,0.05
98844,48.9332,-119.381696,4501,17.21,2338,261.48,1.73
98845,47.466573,-119.820917,95,1.74,48,54.45,0
98846,48.03925,-119.939503,1005,10.02,477,100.27,0.3
98847,47.552462,-120.604579,1508,62.87,556,23.99,0.01
98848,47.18227,-119.85868,9824,24.2,3782,405.89,1.48
98850,47.360902,-120.113386,1814,21.68,628,83.68,0.13
98851,47.400024,-119.462406,3759,23.59,1837,159.37,1.74
98852,48.494944,-120.733489,100,0.45,126,222.72,0.74
98855,48.689509,-119.321692,5469,8.88,2739,615.73,2.74
98856,48.359904,-120.130518,2182,14.75,1286,147.97,0.19
98857,46.970666,-119.067208,3724,36.74,1218,101.35,0.96
98858,47.63205,-119.904236,1659,3.35,723,495.72,0.04
98860,47.458634,-119.139212,257,3,127,85.6,0.65
98862,48.488543,-120.242613,1916,3.71,1558,516.71,1.04
98901,46.616199,-120.464815,28724,132.6,9986,216.61,0.24
98902,46.595248,-120.531026,42634,4645.47,17498,9.18,0.14
98903,46.550348,-120.620973,13522,121.96,5321,110.87,0
98903,46.550348,-120.620973,13522,121.96,5321,110.87,0
98908,46.605303,-120.617624,32380,306.34,12985,105.7,0
98922,47.19377,-120.917337,4597,15.09,2881,304.61,0.06
98922,47.19377,-120.917337,4597,15.09,2881,304.61,0.06
98923,46.662006,-120.71558,1564,249.08,519,6.28,0
98925,47.3042,-121.248492,588,2.51,732,234.49,7.78
98926,47.009726,-120.523646,24800,50.34,10502,492.66,2.24
98930,46.260129,-119.906146,12919,285.38,4014,45.27,0
98932,46.345166,-120.184308,4182,142.04,1125,29.44,0.01
98933,46.406875,-120.624212,1199,46.22,366,25.94,0
98934,46.984565,-120.417826,479,2479.18,239,0.19,0
98935,46.177732,-120.029667,3885,18.39,1035,211.23,0.54
98936,46.540842,-120.333228,3458,39.66,1245,87.19,0
98936,46.540842,-120.333228,3458,39.66,1245,87.19,0
98937,46.71207,-120.970977,3355,5.84,1901,574.13,7.08
98938,46.364164,-120.098712,1992,51.33,598,38.81,0
98941,47.224876,-120.992862,997,69.13,629,14.42,0
98942,46.726395,-120.569974,15328,99.96,5624,153.35,0.09
98944,46.342102,-119.99,20108,141.06,5894,142.55,0.01
98946,47.087352,-120.712329,461,20.62,189,22.36,0.17
98947,46.707735,-120.75713,2599,86.77,869,29.95,0
98948,46.35653,-120.334623,13262,68.42,3785,193.83,0.17
98951,46.457731,-120.467214,13570,110.8,3890,122.48,0.03
98952,46.377579,-120.714402,2684,17.39,687,154.34,0
98953,46.418933,-120.266998,6079,136.42,2079,44.56,0
99001,47.642922,-117.591498,1328,2552.86,628,0.52,0
99003,47.921687,-117.293786,4493,61.13,1691,73.5,0.06
99003,47.921687,-117.293786,4493,61.13,1691,73.5,0.06
99004,47.466974,-117.605757,14407,43.69,5576,329.73,4.61
99005,47.844289,-117.372741,6694,146.87,2250,45.58,0
99006,47.966471,-117.481457,9163,57.3,3560,159.9,0.39
99011,47.595572,-117.673446,4688,448.67,1150,10.45,0.02
99016,47.648693,-117.151167,7009,244.01,2801,28.72,0
99016,47.648693,-117.151167,7009,244.01,2801,28.72,0
99017,47.197445,-117.855585,221,2.41,94,91.68,0.47
99019,47.656171,-117.086287,5370,231.3,2195,23.22,1.07
99021,47.81108,-117.223063,8533,115.44,3285,73.91,0
99022,47.583754,-117.688124,7304,109.29,2704,66.83,1.72
99025,47.751434,-117.069344,4743,121.31,1691,39.1,1.79
99026,47.801194,-117.593259,7500,116.49,2709,64.39,0.06
99027,47.703698,-117.120073,6506,277.1,2521,23.48,0
99029,47.693129,-117.861645,1341,10.72,522,125.08,0.3
99030,47.463725,-117.113197,848,12.3,334,68.94,0
99031,47.432691,-117.374499,942,13.93,370,67.63,0
99032,47.273264,-117.990825,710,2.91,367,243.61,4.64
99033,47.222328,-117.081331,931,30.12,414,30.91,0
99037,47.643346,-117.199937,11963,1150.51,4424,10.4,0.03
99040,47.863857,-118.036613,930,12.14,313,76.62,0.05
99101,48.305861,-117.943185,1295,14.54,517,89.03,0.1
99103,47.721863,-118.955546,577,1.9,270,303.23,0.2
99105,46.866805,-118.132474,57,0.69,33,82.1,0.1
99109,48.269784,-117.734379,4382,16.47,1894,266.01,0.21
99111,46.875136,-117.409203,4209,14.47,1950,290.83,0
99113,46.577614,-117.161337,729,7.6,292,95.96,0.01
99114,48.658512,-117.7671,12359,18.76,5411,658.73,1.67
99115,47.646132,-119.382703,1133,2.75,880,412.27,2.73
99116,47.995847,-118.958621,1587,27.57,753,57.57,3.16
99117,47.757764,-118.493431,548,4.42,347,124.1,0.05
99118,48.890892,-118.644751,1165,5.57,545,209.34,0.01
99119,48.504786,-117.316899,1139,6.51,833,175.04,0.4
99122,47.671143,-118.189385,3272,6.24,1787,524.3,0.35
99125,46.941628,-117.729304,887,4.57,296,194.07,0.13
99130,46.983768,-117.195976,889,10.17,403,87.4,0
99131,48.290089,-118.093263,188,7.53,95,24.97,0
99133,47.947097,-119.007135,1643,13.4,961,122.62,0.94
99134,47.460312,-118.382586,637,2.77,340,229.8,0.31
99137,48.174649,-118.113615,306,4.47,135,68.38,0.04
99138,48.207661,-118.2979,1173,3.86,657,304.22,0.33
99139,48.736168,-117.4111,1187,9.16,685,129.59,0.24
99140,48.080515,-118.694988,439,1.95,205,225.42,0.02
99141,48.690209,-118.100454,5167,12.99,2329,397.8,0.58
99143,46.792982,-117.913136,766,1.97,393,389.4,0.49
99148,48.102048,-117.601307,2001,27.57,1539,72.58,3.54
99153,48.858518,-117.298335,440,2.55,293,172.79,0.16
99155,48.17266,-119.001263,1281,6.65,437,192.72,1.12
99156,48.159752,-117.169844,7073,28.69,3830,246.51,4.4
99157,48.897876,-117.816471,683,11.27,327,60.6,0.03
99158,47.136249,-117.254635,608,7.23,279,84.11,0
99159,47.338736,-118.702353,1645,2.84,724,578.93,2.05
99160,48.86407,-118.205579,115,7.43,67,15.48,0
99161,46.905132,-117.105753,1454,18.15,669,80.11,0
99163,46.732705,-117.186481,26196,122.4,10087,214.01,0
99166,48.657684,-118.72647,2955,7.34,1598,402.61,1.54
99169,47.107228,-118.431368,2534,3.82,1197,663.03,0.82
99170,47.240334,-117.37365,1218,7.17,510,169.86,0.09
99171,47.11653,-117.639388,1072,3.9,511,275.1,3.73
99173,48.030848,-117.795634,1253,10.73,519,116.76,0
99181,48.144634,-117.745645,1870,18.31,908,102.12,1.06
99185,47.756616,-118.706282,1405,5.54,739,253.71,0.15
99201,47.663945,-117.431851,11265,4273.51,5954,2.64,0
99202,47.656692,-117.378994,19801,3247.85,8347,6.1,0
99203,47.629091,-117.406368,21010,4124.02,9658,5.09,0.01
99204,47.648941,-117.431745,9863,7189.7,6410,1.37,0
99205,47.69399,-117.439798,43739,4665.12,18953,9.38,0
99206,47.646994,-117.259128,31711,1483.42,13217,21.38,0
99206,47.646994,-117.259128,31711,1483.42,13217,21.38,0
99207,47.693741,-117.388296,38565,5866.47,16696,6.57,0
99208,47.740491,-117.439167,34581,734.37,14333,47.09,0.01
99212,47.668926,-117.306683,18347,1313.36,8474,13.97,0
99216,47.665819,-117.216998,21576,1701.13,9155,12.68,0
99216,47.665819,-117.216998,21576,1701.13,9155,12.68,0
99217,47.707542,-117.337764,11267,254.83,4382,44.21,0
99218,47.751674,-117.412408,13039,1128.37,4971,11.56,0.01
99223,47.614744,-117.358927,25222,825.46,10168,30.56,0.01
99224,47.632573,-117.493267,16084,130.21,6102,123.52,0.06
99301,46.270249,-119.094623,40905,80.15,13474,510.34,11.04
99320,46.263399,-119.479094,8286,57.68,3037,143.65,0.05
99322,45.963054,-120.255477,245,1.34,119,183.49,0
99323,46.191158,-118.879876,3629,33.5,1245,108.33,1.04
99324,46.044936,-118.384668,8455,1385.04,3439,6.1,0.01
99326,46.675704,-118.882306,3680,14.87,1151,247.47,1.55
99328,46.319087,-117.968879,3806,7.63,1878,499.14,0
99329,46.138753,-118.15325,231,37.63,92,6.14,0
99335,46.648121,-118.556523,288,4.01,143,71.85,0.04
99336,46.210957,-119.163695,40820,3071.46,17128,13.29,0.04
99337,46.169982,-119.104562,25215,180.76,9133,139.49,0.24
99338,46.192356,-119.239828,7614,169.16,2514,45.01,0
99341,46.912194,-118.636766,998,2.75,482,363.32,0.01
99343,46.581454,-119.121079,3086,17.58,838,175.56,0.6
99344,46.843397,-119.174435,13726,26.8,4349,512.16,2.65
99345,45.922025,-119.676879,222,1.81,72,122.46,0.22
99347,46.44754,-117.572955,2450,4.11,1300,596.61,0.04
99348,46.408852,-118.448766,1699,3.49,594,487.17,0.04
99349,46.726526,-119.885709,5564,36.21,1834,153.68,0
99350,46.208571,-119.745079,11399,25.28,3864,450.94,0
99352,46.279657,-119.281377,38753,751.03,16470,51.6,0.02
99353,46.297139,-119.35457,9294,437.95,3465,21.22,0
99356,45.816528,-120.283724,175,1.22,93,143.39,8.37
99357,46.922079,-119.671752,3746,16.19,1092,231.4,1.3
99359,46.523206,-118.193935,72,1.8,39,40.09,0
99360,46.059286,-118.672647,1171,6.04,446,193.74,0
99361,46.209202,-118.158845,1929,7.74,831,249.22,0
99362,45.986775,-118.079198,73,2.23,85,32.76,0
99371,46.782783,-118.286901,419,2.37,209,176.64,0.03
99402,46.230508,-117.129165,1709,4.76,737,358.87,0.04
99403,46.400365,-117.083137,18621,156.33,8207,119.11,0
