ZipCode,Under10K,10K-15K,Mgt/Professional,15K-25K,Service,25K-35K,Sales/Office,35K-50K,Farm/Fishing/Forestry,50K-75K,Construction/Extraction/Maint.,75K-100K,Production/Transportation,100K-150K,150K-200K,Unemployed,200K+,InPoverty,MedianIncome
98001,5.30,2.90,29.60,6.40,14.20,8.40,27.40,14.90,0.10,26.50,11.20,20.20,17.50,11.80,2.60,3.30,1.20,6.60,60534
98002,9.40,7.90,22.40,15.50,17.70,14.50,28,19.30,0.10,19.30,12.90,9.50,18.90,3.60,0.40,4.10,0.60,14.10,36991
98003,8.30,4.50,29.90,12.60,15.60,14.20,30.90,19,0.10,21.80,9.70,9.80,13.80,6.40,2,3.90,1.40,11.80,43027
98004,4.50,3.10,54.40,7.90,9.50,8.70,28.70,15.30,0.10,18.10,3.50,12.30,3.80,13.30,6,1.70,10.70,4.90,63358
98005,5.10,2.90,56,7.10,10.80,9.20,23.90,15.80,0,21.40,4.20,14.70,5.20,12.60,5.40,2.70,5.90,6.40,60173
98006,1.90,1.60,58.90,4.30,7.40,5.20,25.40,11.70,0.10,20.20,2.80,15.60,5.40,20.90,8.60,2.30,10,3.20,81929
98007,6.30,5.40,48.60,10.50,12.20,11.30,26.40,18.10,0.20,21.20,4.50,12.50,8.20,9.30,2.60,3.50,2.80,9.20,48606
98008,3.30,3.50,47,5.60,11.90,7.90,26.30,14.70,0.20,21.40,5.90,16.10,8.80,17.30,4.70,3.30,5.40,4.70,67391
98010,4.80,3.30,29.20,9.60,14.10,4.50,21.70,11.60,0.30,25.80,17.30,19.80,17.40,14.80,3.10,1.60,2.60,1.90,66709
98011,3.80,3,42.80,7.40,12.10,10.90,28.70,14.30,0.40,23.70,7.30,17.40,8.70,14.60,2.80,2.70,2.10,5.40,61329
98012,2.30,1.70,43.80,6.60,11.70,8.80,28.30,13.10,0.20,26.80,8,18.40,8,16.10,3.20,2.80,3.10,3.80,65730
98012,2.30,1.70,43.80,6.60,11.70,8.80,28.30,13.10,0.20,26.80,8,18.40,8,16.10,3.20,2.80,3.10,3.80,65730
98012,2.30,1.70,43.80,6.60,11.70,8.80,28.30,13.10,0.20,26.80,8,18.40,8,16.10,3.20,2.80,3.10,3.80,65730
98014,2.80,2.40,40.10,5.60,11.90,8.40,22.20,12.60,1.30,23.20,15,15.80,9.50,18.20,3.40,2.60,7.50,4.10,66841
98019,1.50,2.60,44.90,4.70,11.20,7.20,24.90,14.20,0.70,21.50,9.20,20.70,9.10,18.40,5.20,1.70,4,3.10,72438
98020,3.50,4.40,44.70,8.90,9.70,9.60,30,15.60,0.60,20.70,6.90,13.60,8,13.90,4.10,2.20,5.70,3.50,56653
98021,4,2.20,43.20,7.30,9.90,9.50,28.50,13.20,0.30,24.70,8.90,19,9.10,15.90,2.50,2.20,1.80,3.80,63630
98022,7.20,4.90,30.30,8.70,15.10,9.60,24.80,14.80,2,26,12,14,15.80,10.90,2.80,3.90,1.30,6.40,54118
98023,4,2.60,34.20,8,13,9.20,32.10,16.70,0.20,26.80,8.20,16,12.30,11.80,2.70,3.30,2.30,6.40,57411
98024,4.30,3.10,37.80,7.90,16.30,9.50,22.50,14,0.60,19.80,8.70,15.70,14.10,16.60,5.80,1.50,3.10,3.90,62076
98026,3.70,4,40.20,8.40,11.10,10.70,30.30,16,0.40,22.50,8.70,17.10,9.30,11.90,3.30,2.20,2.30,5.20,56774
98027,3.90,2.30,50.50,6.10,11.20,7.50,24.90,14.70,0.40,18.90,5.50,17,7.50,19,6,2.40,4.70,4.60,70085
98028,4.80,2.20,45.10,7.10,13,7.60,26.40,15.80,0.50,24.90,8.10,14.70,7,14.60,3,2.20,5.40,5.70,61813
98029,2.10,1.40,59.70,3.90,7.60,5,24.90,8.40,0.20,16.50,3,18.70,4.70,20.80,10.90,1.40,12.40,2.50,91146
98031,5.20,4.10,31.80,10.60,13.90,11.90,29.90,16.90,0.20,23.20,9.70,15.20,14.50,10.10,1.90,3.50,0.90,9.40,50958
98032,10,5,28.60,12.30,14.70,13.20,30,18.80,0.20,23.20,10,9.20,16.50,5.80,1.50,4.30,0.90,13.80,42042
98033,3.60,2.40,52.30,4.50,8.80,7.70,26.90,13.90,0,22.60,6.50,17.10,5.50,16.30,4.70,2,7.20,4,69073
98034,4.20,2.30,45,7.20,11.30,9.60,28,16.20,0.10,25.50,6.70,16.40,8.80,12.70,3.10,2.40,2.90,5.60,60043
98036,6,3.70,34.20,9.10,13.50,13.30,28.30,16.40,0.20,23.10,11.50,14.50,12.40,11.60,1.70,3.40,0.60,6.70,51296
98036,6,3.70,34.20,9.10,13.50,13.30,28.30,16.40,0.20,23.10,11.50,14.50,12.40,11.60,1.70,3.40,0.60,6.70,51296
98037,5.80,4.10,34.20,10.40,13.90,13.70,28.40,16.90,0.50,25.40,11.20,13.70,11.90,8.40,1.10,3.40,0.60,8.70,48602
98038,2.30,1.80,38,4.50,10.80,6.70,29.10,14.40,0.20,26.90,9.40,21.50,12.50,15.30,3.70,2.20,3,2.60,68180
98039,1,2.20,64,3.80,8.60,4.10,23.80,5.30,0,10.40,1.80,12.20,1.80,16.70,10.80,0.40,33.70,0.80,132665
98040,2.40,2.80,65.30,4.50,5.40,5.60,23.50,10.50,0.10,14.10,2.30,13.50,3.40,19.90,8.30,1.90,18.40,3.20,91904
98042,2,1.20,35.10,4.30,12,8.40,28.20,16,0.20,28.80,10.90,19.50,13.60,14,3.50,3.10,2.30,3.10,66051
98042,2,1.20,35.10,4.30,12,8.40,28.20,16,0.20,28.80,10.90,19.50,13.60,14,3.50,3.10,2.30,3.10,66051
98043,4.50,4.40,30,9.20,16.10,13.40,31.60,22.80,0.20,27.40,10.30,9.80,11.70,7.10,0.50,2.90,0.90,8.10,47210
98045,2.60,4.10,39.60,7.10,11.30,6.90,27.30,13.60,0.90,24.50,11.30,17.80,9.60,15.70,5,2.40,2.80,4.30,65674
98047,6.70,4,19.60,12,16.30,12.60,28.30,21.90,0,22.50,13.10,11.70,22.80,7.80,0.20,6.50,0.60,11,45505
98051,4.30,3.30,30.10,6.30,10.90,14.80,24.60,13.80,0,28.30,18.90,12.90,15.40,11.30,1.30,1,3.70,4.20,56414
98052,3.30,2.50,56.90,5.10,8.60,9,23.50,13,0.10,22.10,4.10,17,6.90,17.10,5.70,2.80,5.30,5,68923
98053,1.20,1.20,55.50,2.90,8,3.90,24.60,6.90,0.20,18.20,5.10,18.80,6.70,25.10,10.60,1.40,11.30,2.40,96028
98055,7.80,5.90,32.40,11.50,14.30,14.30,31.30,17.40,0.20,21.70,9.50,10.90,12.40,7.70,1.80,3.20,1.10,10.30,42758
98056,6,5.20,37.30,8.60,10.70,10.70,30.70,14.50,0,24.90,9.80,13.90,11.40,11.80,2.50,2.70,2.10,8.10,53608
98056,6,5.20,37.30,8.60,10.70,10.70,30.70,14.50,0,24.90,9.80,13.90,11.40,11.80,2.50,2.70,2.10,8.10,53608
98058,3.30,2,38.60,7,12.40,10.10,28.40,14.70,0.20,24.60,8.90,18.80,11.60,14.70,2.60,2.50,2.20,4.80,63680
98059,4.20,2.40,39.50,7,11.80,8.40,28.70,16.10,0.30,25.30,8.70,15.50,11,13.90,3.80,2.10,3.40,5.50,61361
98059,4.20,2.40,39.50,7,11.80,8.40,28.70,16.10,0.30,25.30,8.70,15.50,11,13.90,3.80,2.10,3.40,5.50,61361
98065,4.10,3.60,36.10,6.10,15.10,8.30,24.20,14.90,0.20,28.50,15.70,16.40,8.80,13.90,2.70,3.80,1.40,6.30,60658
98070,6.20,3.40,48.90,9.10,13.70,8.80,18.40,15.90,1.10,21.50,8.60,14.10,9.40,11.50,4.80,1.40,4.80,6,58261
98072,1.40,2.30,52.30,4.50,9.60,5.90,23.80,10.70,0.40,18.80,6.10,18.20,7.90,20.80,7.60,2,9.80,2.90,82922
98092,3.60,3,37.60,7.30,12.30,8.30,28,14.20,0.30,26.10,9.30,17.50,12.60,13.50,2.80,3.20,3.80,6,62478
98102,7.60,4.80,58,12.40,10.20,14.20,24.10,20.10,0.10,18.50,2.90,8.10,4.60,7.20,2.40,3.50,4.50,9.70,41850
98103,5.70,5.10,55.70,9,10.60,13.40,23.50,17.80,0.10,20.60,4.30,12.30,5.80,11.10,2.50,3.10,2.60,8.80,49044
98105,13.70,7.40,51.20,12.40,14.80,10.60,26.70,13.40,0.20,15.60,2.80,9.10,4.20,9.40,3.30,4.40,5.20,21.10,40246
98106,10.50,6,27,13,20.20,12.80,24.20,18.80,0.90,21,9.30,10,18.40,5.80,1.80,4.40,0.30,16.10,40815
98107,7.40,5.30,45.30,13.80,12.70,14.60,27.50,16.70,0.20,20.70,5.80,11.90,8.40,7,1.50,3.20,1.20,8.40,42195
98108,7.80,9.90,22.90,14.60,25.50,13.10,22,14.30,0.60,21.70,7.60,9.20,21.40,6.20,1.80,4.70,1.30,14.90,38413
98109,5.80,3.90,58,10.80,9.20,14.30,25.10,15.30,0.10,19.60,3.40,11.60,4.20,10.60,3,3.80,5,7.70,49531
98110,4.10,2.90,56.20,7.30,11.70,9.40,20.10,11.50,0.30,17.70,4.40,16.10,7.20,16.40,6.40,1.70,8.10,4.40,70110
98112,7.10,4.50,63.80,10,10,10,21,11,0.20,15,2.40,12.20,2.70,12.60,5.90,3.30,11.80,7.30,59693
98115,4.50,4.20,60.50,7.80,9.80,10.10,21.70,14.70,0.10,21,3.80,15.90,4.30,13.40,4.50,2.30,3.80,6.90,58475
98116,4.70,3.80,50.90,8.50,10.50,12.60,25.50,14.80,0.30,20.20,5.90,14.90,7,13.70,3,2.30,4,4.90,54563
98117,3.50,3.20,49.60,8.40,11.10,10.70,24.10,17,0.40,24.40,6.10,15.10,8.60,12.60,3.30,2.30,1.80,5.70,55777
98118,9.10,6,32.80,11.80,20,11.50,23,17.80,0.30,20.80,5.80,10.60,18.10,8.50,2.30,4.80,1.60,13.90,44697
98119,5.50,4.70,58,10.90,10.40,13.60,24.20,16,0,17.60,2.70,11.50,4.70,11.40,3.30,3.10,5.60,6.90,49222
98122,15.20,7.80,44.70,16,17.90,14,26.10,14.50,0.40,14.30,4,7.20,6.90,6.10,2,4.40,2.80,19.60,32085
98125,9,6,43.70,12.90,15.30,13.30,26.60,15.30,0.20,20,5.90,11.60,8.30,7.40,2.70,2.50,1.80,12,42400
98126,9.10,6.50,42,11.10,15.10,9.40,24.80,16.20,0.40,21.20,7.80,12.70,9.90,9.80,2,3.80,2,13.50,47519
98133,9.50,5.60,36.80,11,16.20,13.60,28.30,19.80,0.40,20.60,8.30,10.40,10.10,7.10,1.40,3.10,1,10.70,41743
98133,9.50,5.60,36.80,11,16.20,13.60,28.30,19.80,0.40,20.60,8.30,10.40,10.10,7.10,1.40,3.10,1,10.70,41743
98134,0,27.30,17.90,0,41.40,50,20.70,0,0,0,20,22.70,0,0,0,36,0,69.30,27083
98136,4.40,2.40,52.20,10.40,9.20,11.60,25,13.90,0.30,21.70,6.20,15.10,7.20,10,4.80,3.10,5.70,3.90,56455
98144,14.80,6.50,40.70,9.90,19.10,12.30,23.70,15.10,0.20,17.70,5.10,10,11.30,7.50,2.60,3.50,3.50,15.50,40693
98146,8.20,4,29.50,10.90,15.70,11.60,25.50,19.90,0.40,21.60,10.20,13,18.60,6.80,2.30,3.30,1.70,10.60,46321
98146,8.20,4,29.50,10.90,15.70,11.60,25.50,19.90,0.40,21.60,10.20,13,18.60,6.80,2.30,3.30,1.70,10.60,46321
98148,7.60,7.40,25.10,12.90,16.80,18,28.60,18.90,0.30,19.40,9.30,7.30,19.80,6.40,1.10,3.70,1,10.60,37411
98148,7.60,7.40,25.10,12.90,16.80,18,28.60,18.90,0.30,19.40,9.30,7.30,19.80,6.40,1.10,3.70,1,10.60,37411
98148,7.60,7.40,25.10,12.90,16.80,18,28.60,18.90,0.30,19.40,9.30,7.30,19.80,6.40,1.10,3.70,1,10.60,37411
98155,4.50,3.30,45.80,7,12,12.50,26.10,16.90,0.10,22.10,6.80,16.50,9.30,11.80,3.20,3.60,2.20,6.40,55863
98155,4.50,3.30,45.80,7,12,12.50,26.10,16.90,0.10,22.10,6.80,16.50,9.30,11.80,3.20,3.60,2.20,6.40,55863
98166,7.40,4,40.10,11.50,13.20,12.80,26.40,13.90,0.30,18.10,6.70,14,13.40,11.40,3.80,1.70,3,6.80,50310
98166,7.40,4,40.10,11.50,13.20,12.80,26.40,13.90,0.30,18.10,6.70,14,13.40,11.40,3.80,1.70,3,6.80,50310
98168,7.10,4.80,23.40,13.90,18.60,13.90,26.80,21,0.40,20.40,12.20,11.60,18.50,5.90,0.90,3.80,0.50,11.70,41097
98168,7.10,4.80,23.40,13.90,18.60,13.90,26.80,21,0.40,20.40,12.20,11.60,18.50,5.90,0.90,3.80,0.50,11.70,41097
98168,7.10,4.80,23.40,13.90,18.60,13.90,26.80,21,0.40,20.40,12.20,11.60,18.50,5.90,0.90,3.80,0.50,11.70,41097
98177,3.40,2.70,52.70,7.30,10.10,10.30,24.70,12.40,0.30,21.90,4.90,14.50,7.30,15.40,5.60,2.60,6.50,4.20,65514
98177,3.40,2.70,52.70,7.30,10.10,10.30,24.70,12.40,0.30,21.90,4.90,14.50,7.30,15.40,5.60,2.60,6.50,4.20,65514
98178,5.90,3.40,32.40,11.30,15.60,12.50,26.70,19.50,0.30,22.90,9.80,13,15.10,8.90,1.50,3.70,1.10,6.60,47461
98188,6.20,6.30,25.60,13.70,15.20,15.90,29.50,18.80,0.30,21.30,10.90,9.30,18.50,6.10,0.90,3.60,1.50,11.30,40618
98188,6.20,6.30,25.60,13.70,15.20,15.90,29.50,18.80,0.30,21.30,10.90,9.30,18.50,6.10,0.90,3.60,1.50,11.30,40618
98198,6.20,3.90,29.40,10.80,16,13.90,30.10,18.60,0.20,23.70,9.40,13.20,14.90,6.40,1.70,3.70,1.70,8.90,46628
98198,6.20,3.90,29.40,10.80,16,13.90,30.10,18.60,0.20,23.70,9.40,13.20,14.90,6.40,1.70,3.70,1.70,8.90,46628
98199,4.10,3.70,56.20,6.30,10.20,10.70,22.70,16.40,0.50,19.70,3.40,15.20,7,13.20,5.20,2.90,5.60,5.10,59542
98201,12.60,8.30,24.60,15.20,19.30,16.30,23.90,16.50,0.60,18.40,14.70,6.60,16.90,3.90,0.90,5.50,1.30,17.90,33158
98203,4.80,4,32,10.70,13.30,11.70,27,17.60,0.20,24.30,11.90,14.80,15.60,8.70,2,4.50,1.50,7.50,50899
98203,4.80,4,32,10.70,13.30,11.70,27,17.60,0.20,24.30,11.90,14.80,15.60,8.70,2,4.50,1.50,7.50,50899
98204,8.70,5.60,22.10,15.60,17.90,16.10,25.80,21,0.50,21.70,15.50,7.60,18.30,2.80,0.30,5.10,0.60,12.90,36944
98204,8.70,5.60,22.10,15.60,17.90,16.10,25.80,21,0.50,21.70,15.50,7.60,18.30,2.80,0.30,5.10,0.60,12.90,36944
98208,3.60,3.90,35.10,7.10,11.70,11.30,28.40,17.90,0.20,24,11,16.90,13.60,11.40,2.20,3.20,1.60,6.30,55952
98220,9.80,0,24,21.80,1.80,14.10,12.60,22.60,12,15,18.60,10.70,30.90,2.60,3.40,4.30,0,9.60,40833
98221,6.40,5.50,34.10,10.50,15.80,16.10,23.40,19.90,1.80,19,12.90,11.30,12,7.20,2.10,2.60,2,7.40,42996
98223,5.60,3.40,27.10,8.50,13.40,10,22.60,19.50,1.10,29,16.10,14.20,19.80,7.30,1.20,3.30,1.20,6.50,51736
98225,16.90,10,31.90,17.20,19.90,13.40,27.80,15.70,0.70,14.60,8,5.20,11.70,4.40,1.30,7.80,1.40,24.60,29056
98226,7.10,5.40,36.10,13.10,14.10,12.70,27,18.30,1.20,21.50,9.20,10.70,12.40,7.70,2.10,4,1.40,11.40,44100
98226,7.10,5.40,36.10,13.10,14.10,12.70,27,18.30,1.20,21.50,9.20,10.70,12.40,7.70,2.10,4,1.40,11.40,44100
98230,8.30,5.60,26.90,13.30,17.20,12.20,28.70,23.10,3.10,19.50,9.30,9.40,14.80,5,0.90,4.70,2.70,11.30,40827
98232,3.30,3.80,39.70,7.80,13,10.30,25,18.80,5.20,24.30,8.70,12.60,8.50,11.30,4.30,1.70,3.50,5.20,55019
98232,3.30,3.80,39.70,7.80,13,10.30,25,18.80,5.20,24.30,8.70,12.60,8.50,11.30,4.30,1.70,3.50,5.20,55019
98233,5.20,7.40,27.10,12.60,14.90,12,24.60,19.60,2.70,24.40,11.30,12,19.50,5.10,0.30,4,1.50,10.10,44454
98235,15,35,0,27.50,21.90,0,53.10,0,0,22.50,0,0,25,0,0,0,0,27.10,16250
98237,9.90,13,18.10,15.10,23.10,12.40,20.80,22.90,7.10,15.40,14.10,6.40,16.90,3.80,0.80,6.50,0.20,14.10,34038
98239,5.90,5.60,38.60,12,18.70,12.70,20.50,18.70,1.90,25.20,11.10,10.10,9.20,7.20,1.70,3.30,0.80,5.30,46235
98240,3,4.90,26.90,10.40,20.10,11.50,19.60,23.60,2.30,24.80,11.10,8.70,20.10,9.30,0.80,4.30,3.10,6.30,46583
98241,10.90,7.60,23.40,15.30,13.20,15.90,19.40,11.60,5.40,27.40,13.60,5.90,24.90,3.80,1.40,3.70,0.20,10.50,35568
98244,9.40,8,23.70,8,16.30,11.70,22.10,11.50,3.90,31.50,19.60,12.20,14.40,2.60,2.70,5.10,2.50,10.60,50833
98245,10.60,5.60,29.30,14.50,17.50,11.60,25.40,15.30,0.40,18.90,19.40,8.40,8,5.50,3.50,2.30,6.20,10.70,42633
98247,7.30,4.60,21.60,11.20,15.40,18,22.70,18,6.70,25.70,17.20,9.10,16.40,5,0.80,2.70,0.40,11.90,42191
98248,6.80,4.60,26,12.30,16.80,14.50,25.50,17.20,2.50,24.90,12.60,11.90,16.70,6,0.70,3.70,1.20,10.10,45050
98250,7.30,6.40,30.10,10.30,16.30,12.30,24.90,21.90,2.30,19.60,15.50,8.30,11,7.60,2,1.70,4.30,7.20,45000
98251,3.20,5.50,21.40,10.70,18.30,11.30,24.90,23,0.70,25.50,16.20,12.70,18.50,6.20,1.60,4,0.30,6.20,47563
98252,4.80,3.50,22.90,9.10,13,9.60,26.30,21.20,0.90,28.40,18.40,14.10,18.50,7.30,1.60,4.20,0.50,6.40,50870
98256,14.30,5.70,35,16.20,20.40,11.30,14.20,17,5.10,20,16.10,2.60,9.10,10.20,0,5.20,2.60,16,36161
98257,7.60,6.50,35.10,10.60,18.50,9.70,25.80,20.20,1.20,20,9.40,10.90,10,9.80,2,3.20,2.60,11.80,45870
98258,4.10,3.10,29.80,7,13.30,6.90,26.10,15.90,0.40,28.40,16.60,18.10,13.80,12.70,1.90,3.50,1.90,5.20,61066
98260,7.10,5.70,39.60,11.50,15.90,10.90,23.80,20.50,0.70,20.10,10.10,9.60,9.90,9,3.20,1.70,2.50,6.40,45469
98261,5.50,5.60,42.70,14.20,18.30,16.30,16.20,22.90,0.60,16.30,13.70,9.90,8.50,5.10,3.40,2.40,0.90,10.20,38594
98262,6.30,11.80,50.50,11,10.90,5.20,16.50,28.40,2.90,14.30,10,8.30,9.30,6.10,3,1.60,5.50,11.60,42279
98264,5,6,28.90,11.60,15.80,13.70,25.20,19.60,4.40,24.10,10.60,11.60,15.10,3.90,2.10,2.50,2.60,7.30,44531
98270,4.70,3.80,28.80,9.50,17,12.50,24.90,17.80,0.50,25.10,13.10,15.40,15.60,9.30,1,3.40,0.80,4.80,51126
98271,5,3.60,26.30,8.70,15.50,10.20,24.30,16.40,0.90,30.10,16,15.40,17,8.10,1.40,4.70,1,7.80,54160
98272,5.30,3.80,32,6.50,13.50,9.60,27.20,17.20,1,26,13,17.10,13.20,10.30,2.20,3.20,2,7,55987
98273,9,6.10,26.80,15.30,14.20,13.80,25.50,18.10,7.30,20.80,9.30,8,16.90,5.20,1.50,5.20,2.20,14.60,40304
98273,9,6.10,26.80,15.30,14.20,13.80,25.50,18.10,7.30,20.80,9.30,8,16.90,5.20,1.50,5.20,2.20,14.60,40304
98274,4.80,5.80,32,10.40,16.10,14.10,26.50,18.10,2.40,22.60,9.30,13.50,13.80,7,1.80,4.10,1.90,9.90,47136
98275,2.30,1.60,47.60,6.50,9.50,8.50,25.70,13,0.50,24.40,8.60,17.40,8.20,18.60,5.10,2.80,2.60,3.30,67372
98277,5.50,5.30,28.50,13.60,20.70,15.90,24.50,19.70,0.50,23.90,11.60,9,14.20,4.70,1.30,3.20,1,7.90,41891
98280,10.30,9.80,46.40,10.90,9.40,4.90,22.40,9.20,0,28.30,8.90,21.20,13,0,0,0,5.40,11.20,51500
98284,8.20,5.10,23.90,12.80,17,14.40,25,19.40,3.10,21.40,14.40,11.30,16.70,4.80,0.90,5,1.70,10.90,40851
98286,11.30,0,31.60,14.20,21.10,12.30,18.40,17,5.30,21.70,11.80,13.20,11.80,10.40,0,1,0,15.80,41250
98288,4.60,6.10,25.80,16.30,15.80,7.10,23.50,27,1.80,21.90,14.50,12.80,18.60,4.10,0,5.80,0,15,46324
98290,4.20,2.80,34.30,7.50,13.20,9,24,15.90,0.90,24.60,14.80,17.80,12.80,13,2.90,3.60,2.40,5.20,61110
98292,5.40,3.90,31.90,8.40,13.80,10.80,23.90,15.80,1.20,27.80,14.10,14.20,15,9.10,2.40,3.40,2.30,6.20,54889
98294,6.40,3.90,22,9.30,11.90,10.60,27.10,22.30,0.70,29.70,19,9.90,19.40,5.70,1.20,4.60,1,7.80,47331
98295,11.90,6.50,24.60,15.20,18.80,14.80,20.30,23.50,6,15.60,13.40,5.90,16.90,4.60,0.70,4.10,1.10,24.70,35414
98296,2.90,1.60,43.40,3.90,9.90,6.40,25.40,10,0.80,22.70,11.20,23.70,9.30,20.90,4.80,2.10,3.10,4.50,77181
98297,26.60,10.90,36.20,32.80,0,17.20,0,0,0,0,0,0,63.80,12.50,0,0,0,56.10,18452
98303,12.50,7.60,42,13,7.50,11.20,31.50,16.80,0,25.20,5,3.60,14,6.10,2,1.10,2,9.50,36480
98304,13.20,3.40,23.90,11.40,30.20,21.60,15.70,16.10,0.50,21,7.90,3.40,21.80,5.70,4.20,4.90,0,10.20,35469
98310,9.60,8.80,28.50,15.10,21.40,15.40,26.90,19.30,0.50,18.60,11.60,7.70,11.10,4.30,0.50,4.30,0.60,12.60,35819
98311,4,3.30,35,9.40,18.40,10.10,25.50,20.60,0.10,26.90,11.50,15.80,9.50,7.60,1.30,3.50,1,6.20,52477
98311,4,3.30,35,9.40,18.40,10.10,25.50,20.60,0.10,26.90,11.50,15.80,9.50,7.60,1.30,3.50,1,6.20,52477
98312,9.50,7.10,30,12.60,19.10,14,26.30,18.70,0.20,19.50,13.20,9.90,11.20,6,1.80,4.70,0.90,13.60,40133
98312,9.50,7.10,30,12.60,19.10,14,26.30,18.70,0.20,19.50,13.20,9.90,11.20,6,1.80,4.70,0.90,13.60,40133
98320,11.50,12.80,21.20,18.90,23.70,20.10,23.40,16.30,7.20,10.10,12.90,5.60,11.60,2.80,1.60,4.20,0.30,13.60,28167
98321,3.30,3.50,24.80,9,15.80,8.70,24.80,17.90,1.10,32.30,14.70,13.40,18.90,9.50,1.40,5.20,1,6.70,54602
98323,7,4.80,23.60,8.80,15.60,13.20,18.50,16.80,3.70,32.60,15.60,15,23,1.80,0,6,0,3.60,49712
98325,9.30,6.30,29.70,13.60,16.50,10.10,20.90,26.10,1,17.10,18.70,7.90,13.10,9.50,0,3.90,0,12.90,43140
98326,13.40,14.70,25.30,14.70,33.20,19.20,10.60,20.50,8.80,13.40,10.10,1.30,12,0,0,4.20,2.70,31.90,30476
98327,2.30,1.70,45.20,6.60,14.80,8.70,23.40,20.40,0,31.70,8,20,8.60,7.10,1.30,3.20,0.30,4.50,54836
98328,5.70,3.40,24.40,9.40,14,14.60,24.10,19.70,1.90,22.30,17.70,15.40,17.90,6.80,2,4.20,0.70,7.50,47728
98329,2.40,5,30.60,6.70,15.30,11.60,25.20,20.40,0.20,25.90,16.60,16.20,12.10,9.50,1,4.10,1.40,5.10,51984
98331,13.20,8.50,22.60,12.60,23.10,14.40,16.30,18.90,11.40,23.60,9.40,6,17.20,1.70,0.50,6.10,0.50,18.90,35802
98332,3.90,3.20,39.10,6.70,13.90,8.30,27.20,16.60,1.40,24.20,7.70,16.60,10.90,11.50,4.40,2.20,4.60,4.30,61226
98335,2.70,2.60,42.70,9,12.10,10.70,27,16.40,0.50,22.60,7.80,14.60,9.90,13.40,3.50,2.60,4.50,4.40,60483
98337,16.20,7.70,21.80,20.50,25.70,17.60,24.50,16.90,1.30,13.80,12.10,4.30,14.50,2.10,0.50,4.80,0.50,26.80,27988
98338,4,4.30,23.90,6.30,12.90,11.70,25.90,19.40,0.60,28.60,17.50,15.50,19.20,7.80,1.20,4.10,1.30,7.30,52455
98339,11.70,10,22.40,18.40,25.30,16.50,22.90,15.50,0.60,17.10,11.60,5.30,17.30,4,1.50,0.80,0,12.90,32645
98346,3.90,5.10,36.10,9.50,16.20,13.10,22.70,17.40,1,25.30,12.10,13.80,11.70,8.30,2.10,3.40,1.50,7.40,50824
98349,8.60,5.60,24.20,12.10,18.20,11.20,19,20.90,1.10,18.90,15.40,14,22.10,5,1.30,4.40,2.20,13.20,44167
98350,18.50,14.50,44.30,22.60,13.20,14.50,20.80,11.30,10.40,12.90,0,5.60,11.30,0,0,16.10,0,34.50,21750
98354,5.80,3.70,30.20,10.80,12.10,10.50,29.20,21.70,0.50,27.80,11.90,11.70,16.20,6.50,0.40,4.20,1.20,8.40,48645
98356,12.20,8,22.10,13.50,18.70,16.70,19,18.80,6.20,22.50,10.90,4.60,23,2.20,0.70,4.50,0.80,11.90,34756
98357,23.60,13.20,38,14,17.10,14.90,17.10,11.90,12.80,16.20,5.60,3.60,9.40,2.60,0,15.90,0,31.30,24091
98359,5.80,2.60,30.40,10.90,17.80,13,19.70,19.80,0.70,27,14,10.60,17.50,7.20,1,3.30,2.10,12.30,46278
98360,4.40,3.40,27.20,8.30,12.30,11,22.70,12.70,1.20,31.80,15.80,16.30,21,9.80,0.60,2.50,1.60,6.30,56429
98362,11.80,8.30,28.40,15.50,17.90,13.30,26.30,18.40,2,18.50,11.80,7.70,13.70,3.80,1.70,4.10,0.90,13.10,35721
98363,9.30,5.70,27.60,15.10,19,15.70,24.10,20.90,2.70,20.50,11.50,7.50,15,3.50,1.10,5.30,0.60,12,37791
98366,7,5.40,29.40,11.90,18.50,12.80,24.90,20,0.30,23.60,15.10,11.50,11.80,6,0.90,4.30,0.90,8.90,44692
98367,3.20,3.80,28.80,9.80,15.20,11,27.50,18,0.60,27.70,16.10,14.20,11.80,9.30,1.70,3.40,1.40,6.30,52974
98368,10.30,8,35.60,15.50,17.60,13.20,23.40,16.30,0.40,18,12,9.90,11,5.80,1.50,3.60,1.50,11.20,38100
98370,4.90,3.60,39.70,10.40,15,11,23.20,17.60,1.30,23.70,12.60,15.30,8.20,10.70,1.20,2.70,1.60,5.60,51689
98371,5.60,5.60,31.20,13,16,13.70,26.40,16,0.60,21.70,11.80,12.80,13.90,8.90,1.40,3.50,1.40,6.30,46268
98371,5.60,5.60,31.20,13,16,13.70,26.40,16,0.60,21.70,11.80,12.80,13.90,8.90,1.40,3.50,1.40,6.30,46268
98372,6.50,5.30,30.50,10,13.20,13.40,26.60,17.20,0.40,23.90,11.50,12.60,17.90,7.90,1.90,3.80,1.50,6.90,47927
98372,6.50,5.30,30.50,10,13.20,13.40,26.60,17.20,0.40,23.90,11.50,12.60,17.90,7.90,1.90,3.80,1.50,6.90,47927
98373,3.50,3.30,33.50,9.20,13.60,12.20,26.10,18.20,0.20,28.20,13.20,13.70,13.40,9.70,1.20,3,0.90,5.90,52251
98374,3.20,2.50,32.20,7.50,13,9.90,28.10,16.20,0.20,30.60,11,16.20,15.40,10.30,1.60,3.20,2,3.80,58873
98375,3.70,1.40,29,6.50,12.90,9.80,31.30,18,0.10,27,11.70,19.90,14.90,10.80,1.80,3.90,1.20,5.70,59611
98375,3.70,1.40,29,6.50,12.90,9.80,31.30,18,0.10,27,11.70,19.90,14.90,10.80,1.80,3.90,1.20,5.70,59611
98376,9.50,6.70,28.40,15,20.30,12.90,15.80,21.60,7,20.10,16.50,8,12,3.70,1.50,4.50,1.10,14,39896
98377,12.50,9.30,24.90,20.30,17.70,16.10,19.40,22.80,5.10,10.60,15.20,5.90,17.70,1.50,0,4.30,1,15.50,31116
98381,8.20,3.70,36.60,17.80,31.90,24.50,9.70,20.80,6.30,13.80,2.10,5.90,13.40,2.60,0,2.70,2.60,4.20,32443
98382,9.20,7.50,31.20,13.70,21.60,15.10,25.20,20.20,2.40,19.90,10.30,7.70,9.30,3.60,1.40,1.90,1.70,9.10,37392
98383,3.20,3.90,39.80,9.70,17.70,13.20,25.40,18.80,0.30,24.80,8.40,13.60,8.40,9.30,1.50,3.20,1.90,5.10,50991
98387,4.40,4.20,24.10,11.80,18.40,10.30,27,17.30,0.40,30.20,13.70,14,16.50,5.90,1.10,4.20,0.80,8.90,51318
98388,5.10,3.40,49,11.70,13.80,16.80,21.90,15.60,0,17.90,5.60,10.40,9.70,12,4.10,3.20,3,7.80,46875
98390,3.40,3.70,27.50,8.10,12.90,10.60,28.40,16.70,0.30,26.20,12.90,17.40,17.90,10.40,2,4.10,1.70,5.40,56175
98390,3.40,3.70,27.50,8.10,12.90,10.60,28.40,16.70,0.30,26.20,12.90,17.40,17.90,10.40,2,4.10,1.70,5.40,56175
98390,3.40,3.70,27.50,8.10,12.90,10.60,28.40,16.70,0.30,26.20,12.90,17.40,17.90,10.40,2,4.10,1.70,5.40,56175
98392,7,4,28.60,11.30,20.60,15.80,26.80,18.10,1,21.30,11.60,12.20,11.40,9.30,0.50,4.30,0.50,9.60,45357
98394,13.50,4.80,39,9.60,10.20,11,20.60,12.10,2.10,23.60,9.40,9,18.70,13.50,3.10,4.70,0,23.10,49423
98402,32.30,15.90,31.90,20.10,20.30,7.50,23,11.70,0,8.20,10.10,2.10,14.70,0.40,0.90,5.60,0.90,36.10,15847
98403,11.70,6.50,45.30,13.90,13.50,17,26.40,14.10,0.20,15.30,6.10,7.70,8.40,9.20,1.90,2.90,2.80,11.60,35569
98404,11.20,8,18.70,16.30,22.60,15.20,24.50,19.40,0.90,18.90,13.80,7.30,19.50,2.70,0.50,7.20,0.50,22.30,34483
98405,16.30,9.70,25.70,16.10,22.30,14.40,26.50,17.30,0.70,16.20,8.20,5.70,16.60,3.40,0.50,5.40,0.40,22.80,30585
98406,8.50,6.40,39.20,11.40,17.50,10.90,26.80,19.30,0.10,21.50,7.10,11.70,9.30,6.50,1.90,4.60,1.70,11.90,44575
98407,7.90,6.20,39.10,8.70,14.20,13,25.90,19.20,0.30,20.90,9.40,12.70,11.10,8.10,1.60,3.20,1.80,9.10,46025
98407,7.90,6.20,39.10,8.70,14.20,13,25.90,19.20,0.30,20.90,9.40,12.70,11.10,8.10,1.60,3.20,1.80,9.10,46025
98408,9.20,6.50,22.40,12.10,19.20,17.30,25.90,21.70,0.60,20.80,13.30,7.90,18.70,3.30,0.50,5.40,0.50,14,38030
98409,10.90,8.30,18.30,16,23.80,19.60,25.10,18.40,0.10,17.80,12.80,5.60,19.90,2.80,0.60,5.30,0,18.20,32132
98422,2.90,2.10,39.80,5.30,11.20,7.10,28.40,16.10,0.20,25.90,8.10,18,12.30,15.40,3.70,2.70,3.50,4,65267
98424,9.50,6.10,21.20,19.10,16.10,19.70,29.70,21.30,1.30,16,11.50,4.70,20.10,3.20,0.50,4.80,0.10,14.70,31938
98433,1.80,1.10,30,24.60,23.90,29.20,34.10,21.60,2.30,15.50,5.70,4.40,3.90,1.10,0.50,2,0.10,8.10,32339
98433,1.80,1.10,30,24.60,23.90,29.20,34.10,21.60,2.30,15.50,5.70,4.40,3.90,1.10,0.50,2,0.10,8.10,32339
98439,13.40,7.60,21.10,19.50,28.60,22.80,31.70,19.40,0,12.20,8.30,2.60,10.30,1.90,0.60,5.80,0,21.50,28172
98439,13.40,7.60,21.10,19.50,28.60,22.80,31.70,19.40,0,12.20,8.30,2.60,10.30,1.90,0.60,5.80,0,21.50,28172
98443,4.40,4.90,27.70,9.40,13,10.60,28.40,18,0.40,23.80,13.80,15.90,16.70,10.10,1.60,4,1.30,6.60,51859
98444,11.50,7.10,21,18.20,21,17.50,26.70,17.90,0.60,18.10,13.60,6,17.10,2.60,0.60,5.70,0.60,18.60,32351
98445,6.20,5.30,25.30,8.80,16.30,13,30.10,21.20,0.30,25.40,11.60,12.10,16.40,5.80,1.30,4.90,1,9.80,46986
98446,5.80,3.40,25.10,10.90,16.60,12.60,29.10,14,0.70,26,15.40,13,13.10,8.90,3,2.40,2.30,9.30,51949
98465,13.60,7.10,29.80,18.90,17.60,12.10,30.90,13.70,0.50,16.80,7.40,9.80,13.80,6.10,0.60,4.30,1.30,15.10,33404
98466,5.60,4.50,39,11.60,16.10,13.10,26.70,17.90,0.20,22.70,7.90,12.20,10.10,8.10,2.20,2.80,2.10,7.20,47286
98466,5.60,4.50,39,11.60,16.10,13.10,26.70,17.90,0.20,22.70,7.90,12.20,10.10,8.10,2.20,2.80,2.10,7.20,47286
98466,5.60,4.50,39,11.60,16.10,13.10,26.70,17.90,0.20,22.70,7.90,12.20,10.10,8.10,2.20,2.80,2.10,7.20,47286
98467,5.50,4.50,41.50,13,14,13.20,26.90,14.60,0.10,18.80,6.60,13.70,10.90,11.90,2.10,3.50,2.70,10.40,48829
98498,6.90,6.50,36.30,12.70,15.90,12.80,28.10,16.70,0.40,19.90,6.70,13.20,12.50,6.90,1.90,3.20,2.40,10.40,43938
98498,6.90,6.50,36.30,12.70,15.90,12.80,28.10,16.70,0.40,19.90,6.70,13.20,12.50,6.90,1.90,3.20,2.40,10.40,43938
98499,12.30,8.20,27.30,16.80,21.80,15.50,24.90,18.80,0.40,14.50,9.70,7.90,15.90,3.90,0.90,5.10,1.20,17.90,32459
98501,7.50,5.80,42.60,11.80,13.80,12.40,27.50,15.90,0.50,22.80,8.20,11,7.40,9.30,1.50,3.30,1.80,8.60,47230
98501,7.50,5.80,42.60,11.80,13.80,12.40,27.50,15.90,0.50,22.80,8.20,11,7.40,9.30,1.50,3.30,1.80,8.60,47230
98502,8.60,6.30,45.70,11.20,14.80,11.70,24.50,15.50,1.10,19.20,6.50,11.80,7.50,10.80,2.10,3.90,2.70,11.90,46776
98503,7.10,4.90,32.40,11.90,17.30,13.60,29.30,19.80,1.10,23.80,9.10,12.10,10.90,5.40,0.60,4.30,0.80,8.70,44902
98506,8.60,5,42.90,11.60,15.30,13.30,24.80,17.10,0.30,24,7.70,11.30,9.10,6.40,1.40,2.80,1.40,9.30,44775
98506,8.60,5,42.90,11.60,15.30,13.30,24.80,17.10,0.30,24,7.70,11.30,9.10,6.40,1.40,2.80,1.40,9.30,44775
98512,4.70,4.10,40.90,11.20,13.60,12.90,27.30,16.70,0.90,24.60,8.40,14.50,9,7.90,2.20,3.10,1.30,6.30,50286
98512,4.70,4.10,40.90,11.20,13.60,12.90,27.30,16.70,0.90,24.60,8.40,14.50,9,7.90,2.20,3.10,1.30,6.30,50286
98513,3.70,3.10,35.30,7.30,15.70,10.60,29.20,20.60,0.90,29.30,8.30,13.10,10.60,9.50,1.30,4.20,1.50,6.70,52497
98513,3.70,3.10,35.30,7.30,15.70,10.60,29.20,20.60,0.90,29.30,8.30,13.10,10.60,9.50,1.30,4.20,1.50,6.70,52497
98516,5.30,5.70,36.70,10.30,15.90,10.80,29.60,16.10,0.70,23.70,8.70,13.30,8.40,11.20,2.10,4,1.50,8.60,51348
98520,13.50,8.90,23.20,15.40,19.20,14.20,24.50,17.40,4.60,17.60,11.20,7.10,17.40,3.90,1,5.40,0.90,19,33169
98526,18.20,8.20,17.80,12.90,14.70,16.50,15.20,17.10,12.20,12.40,6.10,11.20,34,2.40,0,5.80,1.20,24.20,29500
98528,8.80,6.80,23.30,10.30,19.10,13.30,23.80,17.30,2.50,24.70,17.40,8.40,13.90,7.50,1.80,4.60,0.90,11.30,43375
98531,11.40,9.70,23.40,17.20,19.20,15.70,25.60,17.30,4.50,17.20,11.50,6.20,15.90,3.10,1,5.20,1.30,15.80,32485
98532,9,6.50,26.90,14.30,16.20,13.90,26.80,18.30,3.60,22.10,11.80,9.20,14.80,4.80,1,4.60,0.90,11.70,39614
98537,9.40,6.40,27.80,12.70,14.90,15.10,24.30,18.80,4.30,24.60,10.70,7.70,18.10,4,0.90,4.20,0.40,10.10,39750
98538,7.80,7,27.70,9.60,16.20,20,19.60,19.10,6.10,27.80,8.10,5.20,22.30,0,0,4.90,3.50,20.90,40750
98541,11.90,7.20,22.90,14,18.70,16.30,21.70,19.50,7.30,21.70,12.60,5.20,16.90,3.40,0.30,4.90,0.50,14.70,35423
98546,4.10,7.90,30.90,12.70,19,17.80,19.60,20.70,0.80,20.80,11.50,7.60,18.20,7.10,0.80,1.30,0.50,14.70,39331
98550,12.30,10.60,20,16.40,22.50,15.70,20.30,19.30,4.80,16.40,12.50,5.80,19.90,2.60,0,5.50,0.90,17.70,32104
98557,10.50,7.60,25.10,13.50,17.20,19.60,21.10,22.30,1.30,17.90,11.70,3.70,23.50,4.50,0.10,4.40,0.30,14.90,34293
98563,7.50,9.40,28.90,13.20,17,10.70,25.80,19,2.20,19.10,11.70,15.50,14.40,4.10,0.90,3.40,0.70,9.30,41743
98564,13.20,5.80,25,18.50,18.80,16.40,17.30,23.20,7.70,17.60,13.40,4,17.80,0,0,6.80,1.20,16.30,32838
98565,5.80,9.90,23,8.70,22,12.80,24.50,26.20,4,25,9.50,9.30,17,2.30,0,3.40,0,10.70,40294
98568,11.90,6.80,23.10,15.40,24.90,14.80,21.30,17.50,5.90,21.10,11.90,8.80,12.90,2.80,0.40,5.10,0.60,17.20,35726
98569,10.70,10.10,27.10,17.30,23,14.30,21,16.70,0,18.80,18.20,6.10,10.80,4.10,1.90,2.80,0,12.20,32331
98570,11,7.20,16.90,14.50,14.40,14.50,25.80,25.30,5.50,16.50,16.60,6.20,20.70,3.70,0.60,4.40,0.60,13.60,36521
98571,14.90,8.20,40.30,13.40,22.70,23.20,14.70,14.40,2.80,16.50,8.10,3.10,11.40,6.20,0,1.40,0,5.70,29722
98572,11.80,9.90,19.90,19.30,13.20,16.10,21.50,18.30,15.10,16.10,11.90,8.40,18.30,0,0,6.30,0,19,28472
98576,3.50,5,24.80,12.20,14.10,16.40,25.50,24.20,3,22.40,14.10,10.90,18.40,3.40,0.70,5.20,1.40,6.70,42420
98577,12.50,10.30,27,17.50,20,14.60,19.30,17.70,7.20,17.20,8.50,6.40,18,3.40,0.30,3.90,0.20,16.50,31826
98579,5.80,5.90,23.30,9.30,15.50,17,26.10,20.50,4.60,23,14.90,11.10,15.60,4.30,1.40,5.20,1.70,7.80,41961
98580,5.40,4.60,23.30,8.80,19.70,12.50,24.40,22.10,1.60,25.20,14.90,11.10,16,8,1.60,2.80,0.50,8.10,47585
98584,10.20,6,25.90,15,18.30,13.50,24.30,21.30,3.40,20.90,12.10,8.20,16.10,3.50,0.80,4.90,0.60,12.90,38543
98586,13.60,8.50,29.10,17.70,20.70,17.10,16.40,18.50,5.70,14.20,8.60,7.50,19.60,1.40,0.80,5.50,0.60,16.60,30357
98587,16.20,14.20,26.40,16.60,26.40,17,23.40,11.90,5.90,15,8.60,7.10,9.20,2,0,9,0,32.50,26172
98589,7.30,4.10,29.50,10,14.40,16.20,23,16.10,2.70,30.10,12.90,7.90,17.50,6.20,0.60,6.20,1.40,7.50,46111
98591,8.30,4.20,25.30,17.30,12.90,16,22.80,17.90,5.50,24.20,15.20,7.60,18.30,2.60,0.40,4.10,1.50,14.50,37474
98595,15.20,7.40,28.70,15.60,18.70,14.90,22.10,16.30,8.40,18.70,9.20,6,12.90,4.30,1.20,4.30,0.40,15.30,32218
98596,8.20,8.60,20.80,12.90,20.20,14.60,20.30,21.60,4.40,22.80,12.60,7.30,21.60,3.40,0.20,5.40,0.60,12,39179
98597,6.90,7.30,25.80,14.20,19,12.50,26.60,19.80,1.40,25.10,12.90,9.30,14.20,4,0.50,4.40,0.70,11.20,41015
98601,7.80,4.20,24.80,12.20,14.30,8.80,22.80,21.80,0.30,32.50,19.50,4.50,18.40,6.70,1.60,5.50,0,11.40,45380
98603,20.20,4.70,32.90,13.40,13.50,10.30,17.70,15,14.30,23.30,12.20,3.20,9.30,9.90,0,4.30,0,19.10,40398
98604,4.30,3.10,30.50,9.10,13.30,7.20,23.90,17.90,0.90,28.30,15,15.40,16.50,11.20,2.60,2.90,0.80,5.40,56055
98605,16.60,11.70,28.40,14.80,14.20,19,16.30,17.50,6.80,13.30,10.30,4.60,24.10,2.20,0.20,7.20,0,22,28846
98606,2.80,3.10,41.20,4.20,10.90,7.40,24.30,14.40,0.70,28.10,12.30,14.80,10.60,15.70,5.50,3.60,4,3.50,64855
98607,3.50,2.70,37.50,7,10.40,9.60,26.50,14.60,0,24.70,9.70,16.90,15.90,12.70,3.70,3.20,4.60,4.70,61759
98610,12.50,7.60,27.90,14.50,21.90,17.10,17,21.20,1.60,18.70,10.80,5.20,21,1.50,1.70,9.30,0,15.10,34031
98611,6.50,6,21.80,12.70,18.30,11.50,19.80,19.70,4.10,25.70,14.20,10.70,21.90,5.60,0.70,3.20,0.90,8.90,44897
98612,6.30,6.10,32,15.40,11.80,13,22.30,19.40,7.10,25.10,10.90,8.90,15.90,2.80,1.90,4.90,1.10,8.80,41053
98613,12.80,6.90,36.20,20.20,10.90,7.40,20.50,12.80,5.70,25.50,14.40,9,12.20,2.70,0,3.50,2.70,19.70,36786
98617,10.60,12.60,25.30,21.20,14.90,7.20,24.50,19.80,1,17.50,9.50,6.20,24.70,4.40,0.50,6.90,0,14.80,34145
98619,9.50,10,38,8.50,14.50,15.40,15.50,22.40,12.50,23.90,11,4.50,8.50,4.50,1.50,9.90,0,10.40,39583
98620,13.30,10.10,28.70,17.40,15.60,13.90,24.30,17.20,5.40,17.70,10.60,7.30,15.40,2.20,0,6.90,0.80,20.60,30934
98624,11.60,11.60,32.40,20,16.60,16.10,23,14.10,6.40,13.40,7.30,5.50,14.30,1.30,3.40,3.80,2.90,16.40,29716
98625,12.90,3.70,27.20,9.60,13.60,12.10,22.80,19.20,2.30,24.60,11.70,9,22.40,6.30,2.20,3.80,0.50,16.20,45083
98626,11.10,8.30,22.50,13.60,18.20,12.80,24.20,18,1,21.30,13,8.50,21.20,4.60,0.90,5.50,0.80,15.40,37760
98628,14,15.90,25,15.90,31.30,13.10,10.40,20.60,10.40,14,14.60,4.70,8.30,1.90,0,13.10,0,26,28375
98629,4.10,2.50,27.70,8.60,14.70,13.40,26,17.30,1.50,26,15.70,17.10,14.40,9.20,1.70,2.90,0.10,7.30,53060
98631,11.50,8,25.40,19.90,26.50,16.30,22.60,18.80,2.20,15.40,12.40,5.50,10.90,2.60,0.40,3.10,1.50,10.30,32388
98632,9.50,8.60,24.70,14.50,17.90,13.20,23.40,18,1.40,19.50,12.10,9,20.50,5.50,1.30,4.60,0.80,14.80,38195
98635,13.70,7,28.20,10.10,13.70,17.30,16.60,18.90,4.30,21.20,14.50,6.50,22.70,4.10,0,6.60,1.30,15.80,36328
98638,6.50,6.30,26.90,12.10,11.90,13.10,21.20,22.40,12.30,26.80,10.80,5.40,16.90,5.60,1.40,3.60,0.40,5.50,40926
98640,15.70,8.30,19.70,21.40,29.60,19.50,24.80,14.40,3.30,13.40,12.40,4.40,10.20,1.70,0,4.20,1.20,12.90,26721
98642,4.40,3,36.60,9.30,11.70,9.80,26.10,14.90,0.70,23.20,10.50,15.20,14.50,13.30,4.40,2.60,2.60,5.10,60625
98648,13.50,7.20,31.30,16.20,20,12.70,18.50,15.70,1.70,22.80,12.80,6,15.60,3.90,0.90,7.30,1.20,17.70,35256
98648,13.50,7.20,31.30,16.20,20,12.70,18.50,15.70,1.70,22.80,12.80,6,15.60,3.90,0.90,7.30,1.20,17.70,35256
98649,6.10,10.90,18.10,18.60,18.80,8.90,24.50,18.60,4.70,22.70,14.10,11.70,19.90,2.40,0,4.60,0,14.50,40313
98650,12,4,37.50,16.70,8,14.40,17.60,18.40,4.70,21.70,14,6.70,18.30,4,0.70,4.20,1.30,10.30,36181
98660,15.30,12.50,28.20,14.60,15.40,12.30,26.80,16.10,0.60,18.40,9.40,6.10,19.60,2.80,1.60,6.30,0.40,21.20,30585
98661,11.40,7.50,22.90,17.10,16.70,16.60,26.30,17.70,0.80,16.80,11.60,7.20,21.70,3.80,0.90,4.60,1,18.20,32975
98662,3.60,5.20,30.20,10.10,14.20,13.60,25.20,22,0.10,24.90,12.70,10.70,17.60,7.20,1.50,5.20,1.20,7.80,47623
98662,3.60,5.20,30.20,10.10,14.20,13.60,25.20,22,0.10,24.90,12.70,10.70,17.60,7.20,1.50,5.20,1.20,7.80,47623
98663,11.20,7,28.20,12.20,17.70,13.20,24.50,21.80,0.20,17.60,12.10,10,17.30,5.50,0.80,4.40,0.70,14.50,39022
98664,4.90,5.20,28.70,10.20,14.80,14.60,29.60,19.30,0.30,23,10.10,12.60,16.40,6.80,2,2.50,1.30,8.80,45909
98665,7.20,5.40,31.30,13.30,13.70,12.80,28.50,19,0.70,20.60,10.40,11.10,15.40,6.30,1.70,5,2.60,12,43162
98671,5.50,4.80,24.50,9.90,15.90,14.20,25.90,19.20,0.50,26,12.30,10.50,20.90,7.20,1,3.90,1.70,7.50,46695
98672,9,7.80,31.30,12.40,14.60,16.50,19.50,19.70,8.20,20.30,8.40,8.10,17.90,4.20,1.10,5.30,0.80,12.10,37769
98673,9,10.30,5.70,21.80,32.90,14.10,14.30,23.10,4.30,11.50,14.30,7.70,28.60,0,2.60,4.50,0,18.70,32500
98674,6.90,7.10,20.60,9.50,15.40,11.50,26.40,23.40,3.50,22.20,12.30,11.80,21.70,5.40,0.90,5,1.40,9.30,45452
98675,5.20,4,20.10,7,12,11,28.50,25.60,1.80,26.50,23.10,8.70,14.40,11,1.10,3.10,0,8.20,48594
98682,3,3.60,27,8.40,14.20,12.10,27.40,21.90,0.30,30.10,11.70,12.60,19.50,6.50,1.20,4,0.60,7.80,50553
98683,4.60,3.50,38.50,9.70,11.80,11.40,29.70,19.50,0.30,25.30,7.30,12.30,12.50,9.20,2.60,4,1.90,6.20,50709
98684,4.20,3.50,28.50,9.80,11.90,11.30,30.90,21.60,0.20,26.60,10.60,14.70,17.90,7.30,0.30,3.90,0.80,9.50,49786
98685,4.50,3.60,40.70,7.40,9.90,8.20,31.60,15.10,0.30,24.10,6.50,16.90,11,15.50,3.20,4,1.50,5.50,61503
98686,3.30,3.90,36.60,8.40,13.30,10.40,27.20,14.60,0.90,23.50,9.10,16.90,12.90,13.60,3.60,3.30,1.70,6.30,58394
98801,8.90,7.30,32,17.20,16.70,14,24.90,15.30,6.10,19.10,8.60,8.50,11.60,5.50,1.60,6.80,2.70,13.70,36929
98802,8.60,5.10,28.90,15.20,16.50,12.10,25.50,17.60,4.70,24.30,10.30,11,14.20,4.80,0.60,5.30,0.70,12.70,41553
98812,12,12.40,17.80,22.10,16.40,16.60,16.30,15,27.40,13,6.60,4.10,15.50,2.90,0.80,7.10,0.90,27.90,26625
98813,14,11.30,19.70,20.30,19.20,19,15.80,19.50,29.60,10.40,6.30,3.40,9.50,1.60,0,10.80,0.40,30.70,26833
98815,7.40,8.70,29.60,11.70,17.40,17.10,19.20,19,10.20,19.70,9.90,7.90,13.60,6.60,0.50,8,1.40,7.20,40256
98816,14.70,8.80,30.40,15.10,22.80,14.80,22.80,15,8.50,15.10,8.90,7.90,6.50,4.40,2.10,5.80,2.10,17.40,33235
98822,8.50,8.80,25.60,13.90,16.80,18.30,22.50,18.30,11.60,21.80,11.90,4.70,11.60,5.10,0.60,4.90,0,13.70,35398
98823,11.40,5,34.60,14.10,15.70,17.50,22.70,15.40,4.30,20.70,9.60,7.60,13.10,7,0.50,4,0.80,13.40,36670
98826,7,7.20,32.80,13.90,18.60,13.70,22.30,19.20,4.40,18.80,10.20,9.10,11.70,8.70,1.10,3.70,1.20,7.20,40975
98830,18.70,11.10,40.40,12.90,9.80,7.10,15.50,18.20,7.30,18.70,11.40,5.30,15.50,7.10,0.90,2.10,0,17.10,35125
98831,9.20,7.40,23.80,21.40,26.30,13.90,19.60,19.60,13.90,17.50,7.90,5.40,8.60,3.70,1.40,8.30,0.50,19.80,33779
98837,10.50,6.30,27.50,14.70,15.20,14.20,24.40,21.70,3.80,17.90,10.60,6.90,18.50,5.80,0.80,7.30,1,15.90,36859
98840,12.10,12.30,35.90,17.50,19.20,16,23.80,18.20,5.70,13.40,5.30,5.30,10,3.60,0.60,5,1,19.40,30307
98841,15,8,28.20,20.10,20,14.10,24.20,18.90,4.40,15.20,8.90,6.40,14.30,1.10,0.50,9.10,0.70,21.90,30492
98843,7.80,10.30,22.50,19.80,16.10,18.30,13.60,15.70,32.30,11.90,5.90,5.80,9.60,7.50,0.60,6.70,2.20,19.50,31932
98844,19.30,11.40,26.50,16.80,16.80,17.20,28,17.10,10.20,9.80,7.40,4.10,11.10,4.20,0,5.70,0.10,23.30,26476
98845,6.70,0,28.60,20,9.50,0,26.20,30,0,33.30,9.50,10,26.20,0,0,0,0,25.80,48333
98846,8.70,6.40,22.70,18.70,15.90,14,20.90,20.10,18.20,16.50,7,10.90,15.20,3.10,0.60,4,1.10,14.50,36818
98847,2.60,2.40,20,20.60,19.80,9.20,21.80,13.80,7.30,22.80,12.90,10.30,18.30,13.60,0,5,4.80,1.60,50378
98848,8.60,6.60,24.10,14.60,10.40,20.90,18.80,20.40,20.40,16.80,8.90,7.30,17.40,2.90,0.80,9.70,1,18.40,34571
98850,5.70,13.40,27.40,20.50,18,14.10,21,19.80,11,17,5.60,6.60,17.10,1.80,0,7.20,1,17.20,32788
98851,15.90,13.40,19.80,20,22.30,16.20,23,12.50,5.90,15.10,12.90,3.90,16.10,1.70,0.90,6.90,0.40,23.60,25393
98852,0,7.90,41.80,0,14.50,26.30,0,36.80,0,15.80,27.30,0,16.40,13.20,0,14.90,0,0,36364
98855,14.20,11.20,28.70,18.50,19.30,15.90,18.40,19.10,13.10,12.90,6.70,5,13.80,1.70,0.70,6.50,0.80,19.40,27994
98856,12.80,8.50,40.30,16.70,19.40,20.60,19.20,15.60,4.20,17.40,8,5.40,8.90,1.60,0.70,7.50,0.50,16.40,30504
98857,12.50,6.30,23.20,13.80,12.20,16.80,18.50,19.70,14.50,18.50,8.90,8,22.70,2.50,1.10,10.40,0.80,17.60,35417
98858,9.70,4.10,36.10,14.60,12,16.60,20.30,20.90,7.60,21,11.50,5.10,12.40,4.80,1.90,4.30,1.30,7.60,37679
98860,7.60,12.40,39.60,29.50,25.30,15.20,13.20,18.10,8.80,7.60,9.90,7.60,3.30,1.90,0,3.10,0,24.20,25250
98862,10.70,7.30,37.60,13.30,14.70,17.30,23.90,17.60,2.70,16.10,14.40,6.70,6.70,3.80,4.30,5.50,2.80,9.20,36736
98901,17.70,8.30,21.90,18.70,17.40,14.20,22.10,14.80,7.70,14.80,10.20,5.40,20.60,3.90,1.20,8.80,0.90,29,27878
98902,12.50,9.10,26.60,17.80,18.80,17.30,24.70,16.70,5.10,15.80,8.20,5.70,16.60,3.30,0.70,7,1,19.10,30694
98903,9.30,7.70,24.20,15.50,16.20,15.20,22.20,17.30,5.60,21.80,9.50,6.60,22.20,5.20,0.80,4.70,0.60,11.80,36239
98903,9.30,7.70,24.20,15.50,16.20,15.20,22.20,17.30,5.60,21.80,9.50,6.60,22.20,5.20,0.80,4.70,0.60,11.80,36239
98908,5.90,4.50,39.10,10.90,13.40,13,26.30,18.20,2.10,23,7.30,10.20,11.90,9.10,2.20,2.80,3.10,5.40,48007
98922,11.50,6.20,23.20,13.40,16.70,11.60,25.70,20.50,1.20,18,15.20,8.80,18,5.10,2.70,5.20,2.10,11.90,41162
98922,11.50,6.20,23.20,13.40,16.70,11.60,25.70,20.50,1.20,18,15.20,8.80,18,5.10,2.70,5.20,2.10,11.90,41162
98923,4.10,4.10,32.70,17.70,10.50,11,27.60,25.30,8.20,18.20,8.90,10.80,12.10,6.50,1.10,5.70,1.10,6.80,41694
98925,7.40,3.50,23.40,18.70,22.70,10.50,21.60,18.70,7.90,23.30,12.60,9.30,11.90,5.80,1.20,5.20,1.60,8.20,38958
98926,18.40,12,32.90,13.30,20.80,13,26.70,13.60,3.30,16.50,7.30,6.90,9.10,4,0.70,5.90,1.60,22.90,30198
98930,8.90,6.50,27.50,18,16.20,16.60,19.10,14.40,12.20,22.10,10.20,8.90,14.80,3.20,0.50,8.80,0.90,20.20,35000
98932,9,9.90,19.90,30,13.60,13.20,14.90,18.60,23.50,12.60,6.90,5.10,21.20,1.30,0,6.90,0.20,34.20,25833
98933,6.90,8.40,29.30,13.50,12.90,11.40,19.80,17.40,13.60,20.10,9.90,12.90,14.50,8.10,1.20,4.50,0,22.80,42708
98934,16.70,14.60,9.50,20.70,24.40,10.10,20.40,20.70,3,17.20,10,0,32.80,0,0,11.20,0,24.70,23000
98935,14.80,4.90,18.50,18.30,14.70,18.40,13.40,18.50,24.30,15.50,7.10,5.20,21.90,1.90,0.30,10.40,2.40,27.70,31915
98936,5.20,6.70,22.80,12.60,17.80,12.70,21.50,24.20,8.40,23.20,7.40,10.70,22.20,4.60,0,5,0.20,7.90,41984
98936,5.20,6.70,22.80,12.60,17.80,12.70,21.50,24.20,8.40,23.20,7.40,10.70,22.20,4.60,0,5,0.20,7.90,41984
98937,8.20,8,25.50,14.50,15.70,16.70,29.30,19.10,3.10,19.20,6.70,7.20,19.60,6,0.20,2.60,0.80,9.80,36860
98938,9.40,7.20,23.70,20.10,12.90,9.20,27.40,23.50,16.10,17.90,11.70,6.10,8.10,5,1.60,4.30,0,27.50,38700
98941,12.90,9,27.20,14.40,25.80,11.40,21.60,21.70,0.40,13.30,12,10.30,13,5.90,1.10,4.90,0,12.20,36250
98942,6.30,5.10,32.40,11.70,17,13.40,24.60,18.30,2.20,25.40,9.10,11.10,14.70,6.90,0.60,3.10,1.20,8.90,46418
98944,11.40,8.30,22.80,18.80,13.80,19.40,16.30,15.20,23.70,15,6.10,8,17.40,2.40,1.20,11.20,0.40,29.50,30689
98946,2.90,3.50,27.50,14.50,18.50,20.20,23.60,27.70,2.60,16.20,9.40,8.70,18.50,5.20,0.60,2.60,0.60,4.70,40804
98947,11.20,9.70,18.20,15.70,16.20,13.60,19.60,15.70,18.90,23,7,4.70,20.10,4,0.50,3.40,2,24.20,34866
98948,14.60,10,20.80,19.60,14.70,16.20,18.60,19.30,21.10,12.60,9.20,5.10,15.60,1.80,0.20,9.60,0.60,30,28218
98951,15.20,9.20,20.70,15.70,16.30,19.10,18.40,17.90,21.20,12.40,5.10,4.30,18.40,4.10,0.50,11.10,1.60,26.60,30417
98952,16.30,6.70,18.80,13.60,20.50,15.50,21.20,11.30,12.60,21.40,11.20,11,15.70,4.20,0,18.80,0,31,33700
98953,8.10,5.30,28.90,19.10,14.90,13,21.30,19.10,12.90,20.60,9,8.60,13,4.10,0.60,4.40,1.40,18.50,36438
99001,12.80,9.20,24.70,25.40,18.40,14.90,26.30,14.70,0.90,15.80,5.90,4.20,23.80,0.80,1.30,4.60,1,21.70,27571
99003,4.80,9.10,30.10,11.70,18.30,13.90,21.40,18.10,1.70,24.30,14.20,10.90,14.20,5.70,0,4.70,1.40,9.50,44345
99003,4.80,9.10,30.10,11.70,18.30,13.90,21.40,18.10,1.70,24.30,14.20,10.90,14.20,5.70,0,4.70,1.40,9.50,44345
99004,18.20,7.30,35.30,14.80,18.10,12.20,28.30,15.90,1,17.70,7.70,7.70,9.70,5.10,0,6.90,1,20.70,31465
99005,2.50,4.60,42.80,7.20,11.90,8.30,24.60,16.50,1.10,22.20,9.40,15,10.20,19.90,2.40,2.80,1.40,4.10,61098
99006,10,7.70,24.20,12.60,17.80,14.10,25.20,20.50,1.70,21.10,13,6.80,18.10,5.50,0.70,6.10,1,11.70,39663
99011,2.30,5,21.90,16.60,21.10,31.60,32.20,22.40,0,16.70,10.10,3.20,14.60,1.70,0.50,3.50,0,8.80,33560
99016,6.50,5.70,27.40,14.70,14.50,11.90,32.10,25.80,0,20.90,10.90,7.40,15.20,5.80,1,4.30,0.30,8,40638
99016,6.50,5.70,27.40,14.70,14.50,11.90,32.10,25.80,0,20.90,10.90,7.40,15.20,5.80,1,4.30,0.30,8,40638
99017,3.70,6.20,43.90,22.20,8.20,25.90,17.30,21,9.20,12.30,12.20,4.90,9.20,0,0,2.90,3.70,6.60,33194
99019,3.30,1.50,48.60,8.20,10.60,6.30,28.20,18.60,0.30,27.30,5.20,17.40,7,10.20,3.80,1.20,3.30,3.60,60667
99021,5.20,4.80,37,12.40,13.30,10.70,26.90,16.60,0.20,24.90,10.20,15.60,12.60,6.40,2.40,4,1,6.50,50247
99022,6.80,4.40,30.80,11,26.40,12.60,20.90,16.10,0,28.90,7.60,13.10,14.30,6.10,0.50,3.70,0.50,7.90,49254
99025,2.30,5.70,28.30,8.70,9.80,10,30.30,21.40,0.80,28.80,11,15.50,19.70,5.10,1.50,5.40,1.10,4.70,51495
99026,3.20,2.90,40.40,6.70,15.20,7.60,21.30,24.90,1,27.80,9.20,17,12.90,7.60,1.40,2.60,1,5.90,53521
99027,6.60,5.50,29.60,12.70,11.20,15.90,27.20,17.20,0.40,22,16.40,14,15.30,2.90,2.40,3.40,0.80,6.90,42750
99029,5.70,5.50,27.80,12.50,20.30,20.40,24.60,19.80,5.90,21.80,11.30,8.30,10.10,3.80,1.80,2.50,0.40,6.90,40521
99030,6.90,5.80,26.90,18.20,15.70,15.30,24.30,22.30,1.30,22.60,14.80,2.60,17,6.20,0,4.40,0,8.90,37273
99031,5.80,3.60,33.70,6.10,12.60,7.20,23.90,27.80,0,26.90,17.10,14.70,12.80,6.40,0,1.40,1.40,6.80,49545
99032,8.40,9.80,31.60,17.90,20.70,24,23.20,13.90,3.20,14.50,10.90,6.40,10.50,4.40,0.70,3.40,0,13.90,30385
99033,8.30,12.80,22.70,19.40,21.90,14.40,20.70,24.40,4.80,9.20,9.70,8.10,20.20,1.90,1.40,1.70,0,15.30,31389
99037,5.20,5.20,37.10,9.10,12.80,10.80,31.10,18.80,0,25.30,5.90,10.70,13,10.30,1.80,3.20,2.80,5.40,50429
99040,16.80,8.80,44.60,19.90,18.80,22.20,18.50,10.40,5.10,15.50,6.90,3.40,6.20,3,0,11.40,0,30.90,27798
99101,11.50,7.20,34.40,22.40,17.20,14.80,21.20,19.30,3.10,17.70,13,6.20,11.10,0.60,0.20,7.90,0.20,18.40,30885
99103,11.70,10.70,34.40,12.10,12.90,23.80,18.30,15.90,9.80,13.60,12.10,8.40,12.50,2.80,0,5.70,0.90,18.90,31406
99105,9.10,0,43.80,27.30,6.30,13.60,21.90,9.10,15.60,18.20,0,22.70,12.50,0,0,0,0,3.70,37500
99109,12.80,9,26.40,18.40,20.30,12.50,21.40,17.40,3,19.50,12.50,6,16.50,2.70,1,5.30,0.70,15.30,31389
99111,7.90,8.40,34,14.70,15.60,15.90,27.60,20,2,19.20,10.10,9.30,10.70,3.10,1.10,2.70,0.40,9,37259
99113,2.20,5.10,46.40,9.10,13.70,17.50,21.60,18.90,4.10,25.50,7.50,9.80,6.70,10.20,1.10,1.30,0.70,6,48438
99114,11.50,8.90,28.90,18.60,16.80,13.20,23.60,18.60,2.60,17.10,10.80,7.20,17.30,2.70,0.90,5.70,1.20,14,32989
99115,17.30,7.20,32.80,16.40,16.70,11.90,21.20,17.50,6.10,18.90,11.30,6.40,11.80,2.70,1,4,0.60,18,31827
99116,10,6.10,40.50,14.60,18.70,20.10,22.10,18.50,1.30,19.10,6.90,8.70,10.50,1.70,1,5.50,0.10,16.40,34471
99117,14.60,10.60,27.90,16.90,23,18.90,25.50,18.50,1.50,15,6.90,2.80,15.20,2.80,0,5.70,0,17.20,30526
99118,15.30,10.30,37.60,17.70,13.60,14.60,18.90,16.10,2.50,18.80,15.90,5,11.30,2.10,0,14.60,0,28.10,28864
99119,15.90,12.70,29,17.80,19.20,12.90,29,16.30,5.20,15.30,8.80,5.80,8.80,2.20,0.40,8.50,0.60,19.50,26331
99122,9.70,6.30,41.80,16.20,14.20,12.80,23.70,22.20,1.70,19.20,12.10,6.80,6.40,4,1.40,3.20,1.20,11.10,37138
99125,11.20,7.50,37.80,13.30,22.20,18.70,16.30,25.70,12,15.80,0.60,2.90,11.10,4.10,0.80,18.70,0,14.80,33750
99130,10.50,6.20,38,18.40,16.40,13,18.20,23,2.20,17,9.90,8.10,15.30,2.20,1.10,2.30,0.50,14.10,35625
99131,14.60,8.50,22.70,15.90,7.60,1.20,19.70,13.40,16.70,28,10.60,9.80,22.70,8.50,0,2.50,0,20.40,46250
99133,13.70,13.50,30.70,18.10,23.50,10,21,16.10,1.50,18.10,12.50,7.90,10.70,2,0.70,3.50,0,17.30,31118
99134,15.80,10.70,38.80,12.90,18.30,16.50,17.90,18,8.80,15.40,7.90,6.30,8.30,2.90,1.50,3.40,0,14.40,32273
99137,24.60,9.80,39.60,18,10.90,17.20,20.80,18,0,9,10.90,1.60,17.80,1.60,0,0.90,0,33.60,22143
99138,18.50,14.70,33,20.50,22.40,8.20,23.50,16.50,2.50,14.50,8.30,3.60,10.20,3.10,0,20.80,0.40,18.80,23625
99139,15.70,12.40,20.20,18.30,17.30,12.40,20.50,17.70,3.50,13.60,18.20,7.10,20.20,1.40,0,5.50,1.20,14.40,29688
99140,23.20,11.90,40.80,15.90,21.50,19.20,20.80,15.90,5.40,11.90,8.50,2,3.10,0,0,16.30,0,28.80,24464
99141,13.10,8.30,27.40,15.50,14.90,17.70,23.90,18.50,4.70,19.10,9.60,5.50,19.50,1.50,0.40,5.90,0.20,15.60,32884
99143,7.80,6.90,45.30,18.40,8.50,19.40,14.70,20.90,12.90,15.90,5.60,7.80,12.90,2.50,0,1.70,0.30,8.40,33889
99148,7.40,6.40,29.60,18,16.60,14.90,20.90,23.10,1.60,14.70,14.20,7.30,17.10,6.80,1.10,4.30,0.30,12.80,36806
99153,21,14.50,24.30,16.50,24.30,11,17.10,10.50,1.70,15,9.90,10,22.70,0,1.50,4.40,0,26.40,23889
99155,17,10.30,31.80,19.70,21.30,15.40,26.60,14.30,4.80,11.40,9.80,7.30,5.80,4.60,0,16,0,27.80,26833
99156,14,8.60,28.40,14.90,17.50,14.30,19.60,19.60,1.70,15.90,13,6.50,19.80,5,0.50,4.80,0.80,19,33390
99157,12.80,16.10,22.80,24.50,17.50,15.80,18,9.90,9.20,12.50,13.20,6.20,19.30,1.50,0,6.90,0.70,24.50,22841
99158,4.60,8.50,40.80,17.70,15.50,17.30,18.80,19.20,3.60,23.50,9.70,7.70,11.60,1.50,0,1.10,0,9.50,37708
99159,8.70,5.40,37.70,16.90,13.80,18.30,21.10,19.30,6.20,18.80,11.40,7.40,9.80,4.40,0,2.20,0.80,15,35433
99160,15.70,19.60,5.10,21.60,12.80,15.70,64.10,13.70,5.10,7.80,7.70,0,5.10,5.90,0,5.70,0,20.80,18542
99161,7.90,4.40,39.90,16,18.50,18.10,21.50,20.70,3,19.70,9.40,8.10,7.60,3,2.10,2.30,0,8.40,37955
99163,23.30,14.60,50.20,14.60,18,10.90,24.80,9.80,0.50,13.30,2.70,6.30,3.70,5.10,1.40,7.20,0.80,35.40,22418
99166,13.70,11.50,31.90,16.40,16.60,14.70,18.30,16,3.10,17.90,15.80,5.40,14.30,2.90,0.80,6.50,0.70,17.30,30689
99169,10.50,8.40,31.40,15.90,18.10,11.80,23.50,23.90,5.20,16.40,12.70,7.50,9.20,3.10,0.90,3.10,1.50,12.70,37308
99170,11.30,7.10,38.30,18.10,15.40,15.90,21.70,19.50,2.60,17,6.70,5.10,15.20,3.50,0.40,2.30,2,13.40,33625
99171,6.30,12.30,37.80,15.50,17.80,15.50,20.20,21.40,4.60,16.60,9.30,8.10,10.20,2.60,0.70,1.20,0.90,11,35150
99173,17.30,12.80,25.10,20.30,17.10,12.40,22.60,14.60,3,15.20,11.30,5.80,20.90,0.90,0.60,7.60,0,27.70,24826
99181,13.30,10.70,27.30,12.60,16.10,14,17.20,24.50,5.30,14.50,16.10,5.60,18,3.50,0.70,7.10,0.60,20.60,34676
99185,10.50,7.40,33.40,15.50,16.90,16.70,23.20,19.80,4.70,22.40,11.10,5.30,10.80,1.70,0.30,4.50,0.30,15.60,34948
99201,31.60,14.70,26.90,19.70,22.60,12,26.30,9.50,0,9.10,9.90,1.60,14.30,0.70,0.30,10.10,0.80,31.50,16257
99202,18.50,11.60,25.30,19.90,21.50,14.70,29.40,15.30,0.80,12.40,9.20,3.70,13.90,1.90,0.70,10.10,1.30,26.50,25053
99203,5.70,5.20,53.10,11.50,12.70,12.60,23.20,16.20,0.40,21.30,4.50,11.30,6.10,10,2.50,2.40,3.60,6.20,48939
99204,23.80,11.10,34.30,20.60,25.40,16.60,27.30,12,0.20,7.40,3.90,4.30,8.90,2.70,0.80,7,0.80,27.90,21158
99205,9,7.60,29.20,15.40,18.60,18.40,29.80,20.60,0.40,19.40,9.10,6.30,12.90,2.90,0.20,5.50,0.30,12.40,34778
99206,8.70,6.40,30.10,15,16.30,14,31.10,18.70,0.10,21.20,8.60,9.50,13.90,4.30,1.30,3.50,0.80,9.50,39535
99206,8.70,6.40,30.10,15,16.30,14,31.10,18.70,0.10,21.20,8.60,9.50,13.90,4.30,1.30,3.50,0.80,9.50,39535
99207,15,10.80,20.60,20.10,22.50,19,28.10,17.50,0.30,12.70,10.90,2.60,17.60,1.80,0.20,6.70,0.40,22.30,27095
99208,6.50,5,37.70,12.20,15.60,12.60,30.70,16.90,0.50,22,6.20,12.60,9.20,8.90,1.70,3,1.70,7.20,46311
99212,8.50,7.50,27.10,18.40,15.70,14.70,29.60,16.80,0.70,20.30,10,7.30,16.90,4.20,1.80,4.30,0.50,12.50,35572
99216,7.40,4.80,27,16,16.60,17.50,30.10,21.60,0.30,21.10,9.70,7.50,16.40,3.50,0.30,4.20,0.40,8.50,37930
99216,7.40,4.80,27,16,16.60,17.50,30.10,21.60,0.30,21.10,9.70,7.50,16.40,3.50,0.30,4.20,0.40,8.50,37930
99217,7.40,5.80,26.90,15.50,18.40,17.20,24.50,16.70,0.20,22.60,12.80,6.80,17.30,4.90,1.30,5.10,1.80,12,38902
99218,4.70,7,39.20,16.20,15.90,11.70,30.70,14.80,0.30,20.30,5.90,14.10,8,6.80,2.60,11.10,1.80,8.70,43320
99223,5.50,5.90,46.60,10.20,12.80,11.20,28.20,14.70,0.30,21.40,4.60,13.80,7.50,10.70,3,3.30,3.60,6.60,51774
99224,7.20,6.80,37.10,14.50,14.60,16,28.20,18.20,0.60,19.90,9.90,7.40,9.80,7.10,1.10,5.80,1.80,11.70,38890
99301,11.30,6.30,24.90,15.20,16.30,11.40,21.10,18.20,10.20,18.20,9.50,10,17.90,6.60,1.70,7.10,1.10,19.40,39786
99320,5.30,7,32.80,10.30,14.30,13.40,20.80,19.80,3.80,25,14.30,11.50,14,5.80,1.30,5.50,0.70,10.80,46352
99322,5.60,9,42.70,11.20,9.40,10.10,18.80,20.20,12.80,22.50,7.70,6.70,8.50,12.40,2.20,3.90,0,9.10,42031
99323,1.40,3.30,30.10,14.50,15.10,10,22.40,20.20,1.60,30.30,15,13.90,15.80,4.20,2.30,3.80,0,6.10,50299
99324,13.60,7.40,38.60,22.30,20.10,13.30,24.10,14.60,2.80,19.20,9,5,5.40,4.30,0.40,4.90,0,15.40,30629
99326,8.70,7.40,24.60,14.40,16.50,17.50,17.80,16,13.70,25.20,8.80,5,18.60,3.70,0.50,5.60,1.50,18.20,36220
99328,9.20,9.60,30.90,17.50,18.30,15.50,22,19.90,5.20,17.80,10.50,6.20,13.20,2.80,0.30,5.50,1.20,12.50,32130
99329,8.80,6.60,29.50,18.70,20,22,10.50,24.20,4.20,12.10,25.30,1.10,10.50,4.40,0,6.30,2.20,3.30,32708
99335,8.50,5.40,30.70,13.20,18.30,10.90,17.60,30.20,4.60,24,12.40,2.30,16.30,5.40,0,0.40,0,18.30,38750
99336,8.20,7.90,29.40,17.30,16.90,14.70,26.70,17,2,18.70,11,10.10,14,4.30,0.60,4.80,1.10,15.90,36100
99337,3.60,4.30,33.20,8.60,14.90,12.70,25.60,16.90,1.20,24.80,13.10,16.70,12,9.40,1.90,4.60,1.10,5.60,52068
99338,2.10,1.20,45.50,5.60,11.10,5,22.80,13.50,0.80,24.60,10.80,26.50,8.90,16.20,2.80,2.70,2.40,2.80,72654
99341,7.20,3.90,32.40,17.70,13.80,16.60,21.40,28.20,5.50,19.10,13.60,3,13.30,3.90,0,7.70,0.60,11.20,38594
99343,6.70,4.80,19.30,18.40,11.20,13.70,14,23.80,34.90,17.70,8,6.30,12.60,5,0.80,6.30,2.70,17.80,37674
99344,7.20,7.30,22.10,19,12.80,19.60,15.80,20.70,20.90,18.40,9,4.10,19.40,2.50,0.40,5.90,0.80,19.40,32615
99345,0,10.60,24.10,13.60,9.80,15.20,7.10,22.70,33,21.20,10.70,15.20,15.20,1.50,0,5.30,0,14.90,38750
99347,11.30,8.10,38.70,17,14.40,13.80,24,16.90,3.40,20.70,8.20,6.30,11.30,5.10,0.50,2.50,0.40,13.20,34844
99348,9,7.70,22.10,13.60,9.60,18.90,12.70,24.60,37.40,16.50,8.50,4.70,9.80,2.60,1.60,3.10,0.60,20.70,35324
99349,5.80,5.60,13,20,13.40,20,8.70,23.10,51.20,13.40,3.20,7,10.50,3.80,0,8.80,1.40,21.90,34167
99350,8.70,5.90,26.20,15.30,11.20,12.90,21.20,19.90,16.10,21.20,10.10,10.20,15.10,3.80,1,5.10,1,16.30,39055
99352,6.10,5,50.90,9.10,12.50,11.60,21.30,15.20,0.60,22.40,6.20,14.10,8.50,11.90,2.60,2.80,2,8.20,53169
99353,4,4.20,43,9.50,13.80,10.90,24.60,12.80,0.40,27.50,10.10,19.30,8.20,9.60,1,3.80,1.20,4.60,57358
99356,6.10,1.50,35.30,24.20,1.20,15.20,12.90,19.70,22.40,16.70,14.10,10.60,14.10,6.10,0,0,0,21.40,41250
99357,9.40,10.70,22.10,22.50,8.30,14.10,9.10,20.80,40.20,11.40,7.50,8.30,12.90,1.70,0,8.60,1.10,25.30,28725
99359,30.30,33.30,10.50,0,10.50,12.10,21.10,6.10,0,18.20,31.60,0,26.30,0,0,3.60,0,31.70,13393
99360,9,4.40,36,15.90,14,15.10,23,22,6.70,20.20,8.20,5.90,12.10,7.10,0,2.30,0.50,14.70,37895
99361,11.30,9.40,30.50,11.30,19,14.20,19.80,20.40,3.30,19.90,12.90,6.90,14.50,5.30,0.50,1.90,0.80,11.90,38269
99362,10.90,9.20,36.10,16.50,19.50,12.50,24.10,15.80,2.80,19.70,7.80,8.40,9.60,4.90,1.10,5.20,1.10,15.90,35841
99371,8,4.60,33.50,20.10,12.10,11.50,22,23,6.60,19.50,8.20,9.80,17.60,2.30,1.10,5.10,0,15.90,40192
99402,8.50,8.90,32.90,11.80,17.20,16.50,21.30,19.10,2.60,20,10.10,7.10,15.90,5.20,1.20,4.80,1.70,18.10,37188
99403,10.50,7.90,28.20,18.80,19.30,15.10,25.20,17.90,1.20,16.20,10.60,7.30,15.60,4.50,0.80,3.90,1,15.20,33161
