ZipCode,City,State,MedianIncome,MedianIncomeRank,CostOfLivingIndex,CostOfLivingRank,MedianMortgageToIncomeRatio,MedianMortgageToIncomeRank,OwnerOccupiedHomesPercent,OwnerOccupiedHomesRank,MedianRoomsInHome,MedianRoomsInHomeRank,CollegeDegreePercent,CollegeDegreeRank,ProfessionalPercent,ProfessionalRank,Population,PopulationRank,AverageHouseholdSize,AverageHouseholdSizeRank,MedianAge,MedianAgeRank,MaleToFemaleRatio,MaleToFemaleRank,MarriedPercent,MarriedRank,DivorcedPercent,DivorcedRank,WhitePercent,WhiteRank,BlackPercent,BlackRank,AsianPercent,AsianRank,HispanicEthnicityPercent,HispanicEthnicityRank
98402,Tacoma,WA,15847,0,130.9,67,22.9,74,6.2,0,2.1,0,15.2,47,31.9,65,4939,38,2.1,3,37.4,53,138.8,98,30.7,1,20.8,99,65.8,21,14.3,81,4.5,90,7.1,76
98851,Soap Lake,WA,25393,7,91.1,41,22.4,68,68.2,25,4.8,11,11.5,29,19.8,12,3785,30,2.4,21,42.1,89,95.3,66,57.6,31,14.9,96,87.7,47,0,1,0.2,31,8.6,79
98932,Granger,WA,25833,8,95.9,46,25.3,91,68.5,26,4.7,9,5.4,2,19.8,12,4046,32,3.9,98,23.7,0,103.9,90,61,48,5.3,4,24.3,5,0,0,0,0,72.2,98
98640,Ocean Park,WA,26721,9,108.9,56,23.6,80,80.5,64,4.8,11,16.1,51,19.7,12,3768,30,2,1,55.6,99,90.8,42,63.9,66,14.3,95,93.1,61,0.1,18,0.5,50,3.6,63
98812,Brewster,WA,26625,9,106.6,55,24.2,85,56.3,12,4.8,11,8.4,13,17.8,7,5310,40,3.1,92,29.2,5,96.2,70,62,54,7.3,20,50.8,13,0.2,22,0.3,40,42.9,95
98844,Oroville,WA,26476,9,97.7,47,19.6,28,65,20,4.9,13,12.1,32,26.4,43,4493,35,2.5,36,39.5,74,98.1,77,58,33,13.7,93,81.5,36,0.4,31,0.1,26,12.5,84
98813,Bridgeport,WA,26833,10,63.9,16,22.1,64,61.8,17,4.3,4,7.6,9,19.6,12,2451,17,3.2,94,27.2,3,102.1,87,62.1,55,5.9,8,37,8,0.2,22,0,8,60.6,97
98901,Yakima,WA,27878,12,107.9,56,22.6,71,56.6,12,4.5,6,11,26,21.8,20,28799,85,3.1,93,29.6,6,105.4,92,54.4,21,9.5,51,50.1,12,2.3,56,0.2,35,43,95
98320,Brinnon,WA,28167,13,117.8,61,25.5,91,88.4,91,4.2,4,17,54,21.2,18,1194,0,2,1,53.1,99,102.9,89,63.2,62,15.9,98,90.5,53,0.1,17,0.5,50,1,32
98337,Bremerton,WA,27988,13,96.2,46,23,75,39.3,4,4.3,4,14.7,45,21.8,20,8524,52,2.9,85,26.1,2,132.4,98,33.6,1,15.1,97,65.7,21,9.4,76,4.7,90,10.1,81
98855,Tonasket,WA,27994,13,91.8,42,21.3,53,71.6,33,4.8,11,12.9,36,28.7,53,5317,40,2.5,37,41.3,86,100.3,84,60.7,46,12.5,87,82.1,37,0.1,17,0,7,13.5,85
98948,Toppenish,WA,28218,13,94.5,45,24,84,63.5,18,4.4,5,7.4,8,20.8,16,13247,63,3.6,97,26.1,2,101.3,86,57.3,30,8,28,21.2,4,0.5,34,0,11,61.2,97
98225,Bellingham,WA,29056,16,155,76,24,83,41.6,5,4.4,5,32.9,83,31.8,65,42629,94,2.3,16,28.8,4,97.8,76,39.2,3,10.7,68,86.5,44,0.7,39,3.6,87,4.3,68
98624,Ilwaco,WA,29716,18,132.4,68,27.4,96,69.9,28,5.3,35,26,75,32.3,67,1304,0,2.3,8,44,94,82.8,9,62.1,54,11,73,88.6,48,0,2,0.2,31,6.9,76
98840,Okanogan,WA,30307,19,97.3,47,20.9,48,67.3,24,5,17,17.5,56,35.8,75,4765,37,2.6,53,38.6,66,93.7,58,56.4,27,12.6,87,78.4,32,0.1,17,0,7,11.6,83
98926,Ellensburg,WA,30198,19,148.6,74,21.5,56,51.8,9,4.8,10,30.9,81,32.9,68,24857,80,2.5,43,27.2,3,96.9,73,46.8,8,8.3,33,88.3,48,0.9,43,2,78,5.6,72
98586,South Bend,WA,30357,20,87.4,38,23,75,70.3,29,5.3,35,17,54,29.1,55,2285,15,2.5,32,40.9,84,92.3,50,59.9,42,10.8,70,78.9,33,0.1,17,3.5,87,9.1,80
98841,Omak,WA,30492,20,91.6,42,22.6,70,68,25,5.2,27,15.5,48,28.2,51,9035,53,2.6,55,35.2,30,91.3,45,57,29,11.2,75,64.5,20,0.1,17,1.2,69,11.4,83
98856,Twisp,WA,30504,20,144.5,72,26.4,94,68,25,4.6,8,26.1,75,40.2,83,2181,14,2.2,5,44.6,95,93.5,57,60.1,43,14.2,95,93.7,63,0,3,0.6,54,2.3,53
98951,Wapato,WA,30417,20,97.3,47,27.1,96,58.9,14,4.9,13,9.7,19,20.7,15,13634,64,3.7,98,26.2,2,97.1,73,54.7,22,7,16,21,4,0.3,27,3.3,86,52.4,97
98405,Tacoma,WA,30585,21,117.5,61,26.3,94,44.9,6,4.6,7,15.5,48,25.7,39,22362,77,2.5,43,33.5,18,88.4,29,41.6,4,15.2,97,56.4,16,21.5,86,7.3,94,5.9,73
98660,Vancouver,WA,30585,21,138,70,24.3,86,46.5,6,4.8,10,18.1,58,28.2,51,10118,56,2.4,24,35.5,33,108.8,94,42.8,5,21,99,85.4,42,1.7,52,1.5,74,5.8,73
98902,Yakima,WA,30694,21,108.3,56,23.4,79,54,10,4.8,10,16.2,51,26.5,43,42803,95,2.5,45,31.7,11,86.1,19,53.5,19,12.8,89,65.1,21,1.1,45,0.9,64,28.8,93
98944,Sunnyside,WA,30689,21,99.3,49,26.8,95,60.6,15,4.9,13,10.3,23,22.7,24,20117,74,3.6,97,26.1,2,94.6,62,58.5,35,6.3,10,31.4,6,0.2,22,0.2,33,66.8,98
98620,Goldendale,WA,30934,22,110.5,58,23,75,68.6,26,5.2,28,14.9,46,28.6,53,6969,47,2.5,38,40,78,94.7,63,62,54,10.8,70,86.9,45,0.1,17,0.3,39,4.3,68
98377,Randle,WA,31116,23,95.3,45,28.8,98,76.1,46,5.1,23,7.5,9,24.9,35,2120,13,2.4,18,42.1,89,95.8,68,66.6,82,12.2,85,95.8,72,0,5,0,1,1.4,40
99004,Cheney,WA,31465,24,133.6,68,22.6,70,56.8,12,5.2,26,37.7,87,35.3,74,14480,65,2.7,70,25.8,1,96.5,71,48.4,10,8.7,39,86.3,44,1.2,47,3.6,87,3.5,63
98577,Raymond,WA,31826,25,94.8,45,23.8,82,76.2,47,5.4,45,11.2,27,26.9,45,6437,45,2.4,23,42,89,93.5,57,61.4,50,10.4,65,86.6,44,0,1,4.7,90,5.6,72
98122,Seattle,WA,32085,26,289.2,95,25.6,92,32.6,3,3.4,1,41.5,90,44.7,88,28985,85,2,2,32.3,13,116.7,97,27.5,0,11.1,73,53.8,14,25,88,7.5,94,7.2,77
98424,Tacoma,WA,31938,26,150.2,74,24.4,86,23.4,1,4,2,10.7,25,21.2,17,4851,37,2.2,6,29.4,5,110.8,95,45,7,16,98,63.9,20,5.2,68,5.7,92,14,86
98550,Hoquiam,WA,32104,26,89.4,40,23.4,79,63.5,18,5.6,56,9.6,19,20,13,11773,60,2.5,40,37.3,51,89.4,34,51.7,15,14.2,95,87.9,47,0.3,28,0.9,63,4.6,69
98935,Mabton,WA,31915,26,85.4,36,19.5,26,67.2,23,5,17,6.5,5,18.5,8,3829,31,3.9,98,24.4,1,112.6,96,57.5,31,3.4,0,25.6,5,0,0,0.3,38,71.5,98
98409,Tacoma,WA,32132,27,105,54,24.1,84,42.4,5,4.4,5,8.4,13,18.3,8,21920,77,2.5,43,30.3,7,93.9,59,46.4,8,16.1,98,60.2,18,13.7,80,6.4,93,9.3,80
98433,Tacoma,WA,32339,27,102,51,45,99,0.9,0,5.1,19,16.5,52,29.9,58,19628,74,5.4,99,22.5,0,159,99,57.2,30,4.2,1,55.6,15,19.3,85,3.3,86,13.4,85
98433,Tacoma,WA,32339,27,102,51,45,99,0.9,0,5.1,19,16.5,52,29.9,58,19628,74,5.4,99,22.5,0,159,99,57.2,30,4.2,1,55.6,15,19.3,85,3.3,86,13.4,85
98569,Ocean Shores,WA,32331,27,145,73,22.6,70,74.3,40,4.9,14,16.9,54,27,46,4155,33,2.1,3,51.2,98,97.9,77,58,33,16,98,92.8,59,0.5,34,1.6,75,1.2,37
98595,Westport,WA,32218,27,101.7,51,23.9,83,73.4,38,4.6,8,10.7,25,28.6,53,2856,22,2.2,5,44.6,95,95.4,67,56.5,27,14.7,96,93.5,62,0.2,23,0.1,25,1.9,49
98444,Tacoma,WA,32351,28,123.3,64,24.3,86,42.1,5,4.6,7,12,31,21,17,31682,88,2.6,60,28.6,4,91.3,44,46.1,7,15.1,97,61.3,18,11.9,79,9.1,95,7.3,77
98499,Lakewood,WA,32459,28,134.5,69,23.8,82,39.8,4,4.3,4,18.9,60,27.2,47,29303,85,2.3,15,32.5,14,89.3,34,50.5,13,17.2,99,55.4,15,13.1,80,10.6,96,10.4,82
98531,Centralia,WA,32485,28,116.8,61,22.5,69,62.8,18,5.1,21,13.7,40,23.3,27,21806,77,2.5,43,37.7,56,89.1,33,56,25,12,83,86.1,43,0.2,23,0.5,50,8.9,80
98631,Long Beach,WA,32388,28,125.8,65,30.4,98,66.9,23,4.8,11,16.2,51,25.4,38,3450,28,2.1,3,48.9,98,85,15,58.3,34,13.3,91,91.8,56,0,2,2,78,3.4,62
98339,Port Hadlock,WA,32645,29,121.6,63,25.5,91,71.3,32,4.9,14,11.5,29,22.3,22,3386,27,2.4,20,39.2,71,86.8,22,58.3,34,15.6,97,89.1,49,0.1,17,2.2,80,1.3,40
98564,Mossyrock,WA,32838,29,120.6,62,22,63,74.7,42,5.2,29,11.5,29,25,36,2212,14,2.7,63,38.9,69,104.7,91,61,48,11,73,91.9,57,0.8,41,0,12,2.8,58
98850,Rock Island,WA,32788,29,119.9,62,25.9,93,75.9,46,5.1,23,7.1,7,27.3,47,1895,9,3.1,91,30.3,7,102.6,88,65,74,8,29,61.5,18,0,0,0.7,57,36.2,94
98201,Everett,WA,33158,30,165,79,26.2,94,41,5,4.3,4,15.7,49,24.5,33,30252,86,2.5,44,32.5,14,105,91,41.2,4,16.7,98,80.4,35,2.8,59,3.4,86,6.2,74
98520,Aberdeen,WA,33169,30,95.6,46,21.8,60,64.9,20,5.4,42,12.4,33,23.1,26,21650,76,2.4,27,36.7,45,96.6,71,54.2,20,14,94,84.9,41,0.3,27,1.3,71,7.2,76
98661,Vancouver,WA,32975,30,145.9,73,24.3,86,42.3,5,4.6,7,18,57,22.8,25,36762,91,2.4,28,32.3,13,93.1,54,50.2,13,15.5,97,78.2,32,2.5,57,3.6,87,9.9,81
98465,Tacoma,WA,33404,31,161,78,23.3,78,48.1,7,4.6,7,24.4,72,29.8,58,6502,45,2.1,3,37.5,54,88.9,32,50.9,14,15.9,98,75,29,8.3,74,4.9,91,5.3,71
98816,Chelan,WA,33235,31,175.4,82,26.2,94,61.9,17,4.7,9,21.4,66,30.4,60,6220,44,2.5,38,39.8,77,89.1,33,59.6,40,13.1,90,74.9,29,0.5,34,0.4,46,21.5,90
98831,Manson,WA,33779,32,169.9,80,28.1,97,66.1,22,5.1,21,15.7,49,23.7,29,3224,26,2.9,83,34.4,24,103.5,90,60.4,45,8.6,37,60.2,18,0,0,0.2,31,37,94
98952,White Swan,WA,33700,32,94.7,45,14.5,0,59.2,14,5.6,55,10,21,18.8,9,2693,20,4.3,99,21.8,0,108,94,53.4,19,7.5,22,25.8,5,0.5,34,0.2,34,10.5,82
98237,Concrete,WA,34038,33,126.4,65,30.3,98,70.6,30,4.9,13,10.1,21,18,7,2856,22,2.6,50,36.5,43,103.7,90,57.9,33,14.2,95,93.5,62,0,3,0,0,1.3,38
98610,Carson,WA,34031,33,134.1,69,23.4,79,74.6,41,5.1,22,13.1,37,27.8,49,2746,21,2.5,34,36.6,44,98.3,78,58.4,35,13.4,92,88.8,49,0.1,17,0.3,39,5,70
98557,Mccleary,WA,34293,34,109.4,57,22.9,73,72.8,36,5.4,44,9.5,18,25.1,36,2863,22,2.6,50,38.3,63,86.2,19,56.1,26,14.5,95,91.7,56,0.2,23,0,8,2.2,52
98404,Tacoma,WA,34483,35,109.1,57,27.2,96,60.5,15,5.1,20,8.3,12,18.6,9,30646,87,3,90,31,9,90.5,40,48.9,11,14.1,94,49.3,12,12.6,79,12.8,97,13.3,85
98848,Quincy,WA,34571,35,111.2,58,23.6,81,65.5,21,4.9,13,12.9,36,24,31,9796,56,3.1,92,29.8,6,110.8,95,64.3,69,5.9,8,48.1,12,0,0,0.6,54,49.6,96
98356,Morton,WA,34756,36,108.7,56,21.9,61,71.8,33,5.3,36,11.4,28,22.1,21,2162,13,2.4,18,43.5,93,89.5,35,62.9,60,10.5,66,94.2,64,0,3,1,65,0.8,27
98947,Tieton,WA,34866,36,116.6,61,23.8,82,67.1,23,5.2,27,10.5,24,18.1,7,2818,22,3.2,94,29.4,5,101.5,86,66.2,80,7.1,18,54.4,14,0,0,0.8,60,43.1,95
98648,Stevenson,WA,35256,37,155.6,77,22.8,72,68.4,25,5.7,62,16.8,53,31.2,63,2780,21,2.5,34,40.5,82,94.4,62,60.7,46,11.7,80,91.1,54,0.1,17,0.5,50,1.4,41
98648,Stevenson,WA,35256,37,155.6,77,22.8,72,68.4,25,5.7,62,16.8,53,31.2,63,2780,21,2.5,34,40.5,82,94.4,62,60.7,46,11.7,80,91.1,54,0.1,17,0.5,50,1.4,41
98930,Grandview,WA,35000,37,95.9,46,22.7,72,71.1,32,5.3,35,13,37,27.5,48,12863,62,3.3,95,28,3,97.6,75,63,61,5.5,5,40.4,9,0,0,1,65,57,97
98295,Sumas,WA,35414,38,106,54,23.7,81,71.7,33,4.8,11,16.6,53,24.6,34,4962,38,2.9,84,30.2,7,101.3,86,62.2,56,11.7,81,88.4,48,0.1,17,1.1,67,5,70
98541,Elma,WA,35423,38,110.1,57,22.3,67,73.1,37,5.1,22,9.5,18,22.8,24,9219,54,2.6,55,36.4,42,101.8,87,58.2,34,15,97,90.7,53,0.1,17,0.3,39,3.9,65
98822,Entiat,WA,35398,38,141,71,24.2,85,69.9,28,5.1,22,13.8,41,25.5,38,1883,9,2.8,74,35.6,34,99.3,81,68.4,89,11,73,75.3,29,0,1,1.1,67,20,89
98857,Warden,WA,35417,38,92.2,43,21.6,58,67.3,24,5,17,8.7,14,23.1,26,3719,30,3.2,94,27.7,3,102.8,89,66.6,82,6.9,16,43,10,0,0,0.6,54,55.2,97
98241,Darrington,WA,35568,39,130.9,67,25.9,93,76.2,47,5.2,29,10.7,25,23.4,27,2120,13,2.6,48,38.2,61,90,37,60.4,45,12.3,85,88.6,48,0,2,0.5,49,0.9,29
98362,Port Angeles,WA,35721,39,135.7,69,24.1,84,67.8,24,5.4,42,21.1,66,28.3,52,21199,76,2.2,7,42.8,91,88.6,30,57.9,32,11.8,81,91.8,56,0.4,32,1.5,74,1.8,48
98403,Tacoma,WA,35569,39,243,92,23.7,81,32.5,3,4,3,41.1,89,45.3,89,7749,50,1.8,0,36.5,44,95.5,67,43.2,5,17.9,99,84.3,40,5.5,69,1.6,75,3.1,61
98568,Oakville,WA,35726,39,119.5,62,20.6,43,75.4,44,5.7,63,7.9,11,23.1,26,2332,16,2.9,83,34.4,24,96.3,70,55.3,23,11.9,82,71.9,26,0.2,23,0,8,6.5,75
98310,Bremerton,WA,35819,40,127,66,23.7,81,51,8,4.9,12,17.4,55,28.4,52,18691,72,2.2,7,36.8,47,82.4,8,53.3,18,14,94,76,30,4.5,65,6.6,93,4.3,68
98331,Forks,WA,35802,40,92.6,43,21.4,55,67.7,24,5,17,11.2,27,22.6,24,6268,44,2.8,77,33.3,17,112.4,96,58.9,37,10.1,61,77,31,1.1,45,0.6,55,11.5,83
98635,Lyle,WA,36328,42,120.8,62,22.7,71,66.8,23,4.9,13,16.3,52,28.1,51,2060,12,2.4,18,41.7,88,101.9,87,63.9,67,9.9,58,87.5,46,0,1,1.7,76,2.6,57
98903,Yakima,WA,36239,42,98,48,21.7,59,74.1,40,5.3,36,11.3,28,24.2,31,13737,64,2.7,70,37.6,55,94.5,62,62,54,12,83,75.4,29,0.3,27,1.2,69,19,89
98903,Yakima,WA,36239,42,98,48,21.7,59,74.1,40,5.3,36,11.3,28,24.2,31,13737,64,2.7,70,37.6,55,94.5,62,62,54,12,83,75.4,29,0.3,27,1.2,69,19,89
98953,Zillah,WA,36438,42,131.8,68,23.3,78,67.9,25,5.8,67,16,50,28.8,54,6116,44,3,89,32.1,12,99.3,81,62.1,55,8.7,39,60.2,18,0.2,22,1,65,34.1,94
98570,Onalaska,WA,36521,43,124.8,65,22.5,69,76.6,48,5.3,37,8.7,14,16.9,5,3577,29,2.8,76,38.6,65,93.6,57,63.6,65,8.5,36,91.8,56,0.1,18,1.3,71,1.9,49
98823,Ephrata,WA,36670,43,100.6,50,21.1,50,72.2,34,5.4,44,19.3,61,34.5,72,9880,56,2.7,69,35.1,29,94.4,61,63,61,10.1,61,84.4,40,0.2,23,0.6,54,12.4,84
98862,Winthrop,WA,36736,43,171.3,81,29,98,75.8,45,4.7,9,36.5,86,37.5,79,1938,10,2.1,3,44.8,95,96.8,72,63.3,63,14.5,95,96.4,76,0.5,35,0.3,41,1,32
98002,Auburn,WA,36991,44,132.4,68,25.9,93,49.5,7,4.7,8,12.9,36,22.4,23,30905,87,2.4,28,34,21,90.1,38,50.6,13,16.2,98,79.2,33,2.4,57,3.5,87,8.3,79
98204,Everett,WA,36944,44,141.2,71,26.2,94,33,3,4,3,13.9,41,22,21,31686,88,2.4,28,29.4,5,104.9,91,45.4,7,16.7,98,69.2,24,4.1,64,9.3,95,11.1,83
98204,Everett,WA,36944,44,141.2,71,26.2,94,33,3,4,3,13.9,41,22,21,31686,88,2.4,28,29.4,5,104.9,91,45.4,7,16.7,98,69.2,24,4.1,64,9.3,95,11.1,83
98801,Wenatchee,WA,36929,44,151.7,75,23.7,81,61.8,17,5.3,34,23.7,71,31.9,65,36655,91,2.6,61,34.9,28,92.3,50,59.2,38,11.2,75,76.9,31,0.1,17,0.7,58,19.7,89
98837,Moses Lake,WA,36859,44,108.1,56,22.2,65,66.7,23,5.3,34,14.8,46,27.4,48,32410,88,2.8,81,31.5,10,95.2,65,59.4,39,9.6,53,73,27,1.6,51,1.1,68,20.5,90
98937,Naches,WA,36860,44,119.4,62,23.8,82,73,36,5,17,13.7,40,25.5,38,3104,24,2.4,20,40.3,80,92,49,67.9,88,9.2,48,87.5,46,0,1,0.7,58,8.6,79
98148,Seattle,WA,37411,46,176.2,82,24.1,84,42.8,5,4.4,5,18.1,58,25.1,36,9533,55,2.2,6,36.2,39,92,49,46.2,8,18.7,99,68.1,23,5.4,68,8.5,95,10.6,82
98148,Seattle,WA,37411,46,176.2,82,24.1,84,42.8,5,4.4,5,18.1,58,25.1,36,9533,55,2.2,6,36.2,39,92,49,46.2,8,18.7,99,68.1,23,5.4,68,8.5,95,10.6,82
98148,Seattle,WA,37411,46,176.2,82,24.1,84,42.8,5,4.4,5,18.1,58,25.1,36,9533,55,2.2,6,36.2,39,92,49,46.2,8,18.7,99,68.1,23,5.4,68,8.5,95,10.6,82
98382,Sequim,WA,37392,46,160.2,78,24.3,85,79.3,59,5.4,46,25.4,74,31.2,63,21647,76,2.2,7,53.6,99,86.1,19,66.7,82,10,60,93.2,61,0,3,1.4,72,2,50
98591,Toledo,WA,37474,46,132.2,68,23.7,81,79.2,58,5.8,70,11.4,29,25.3,37,3101,24,2.7,64,38.8,68,92,49,63.7,65,11.1,74,94.2,64,0.2,24,0.1,25,3,59
98858,Waterville,WA,37679,46,99.5,49,23.5,80,76.8,49,6,78,19.1,61,36.1,76,1658,5,2.6,47,40.6,82,96.1,70,66.8,83,9.2,47,90.2,52,0,2,0.4,44,6.5,75
98363,Port Angeles,WA,37791,47,134.5,69,23.9,83,72.3,35,5.3,36,17.3,55,27.6,49,12252,61,2.4,25,39.9,77,91.3,45,59.3,39,12.9,89,86.9,45,0.1,17,1,65,2.9,59
98626,Kelso,WA,37760,47,126.4,65,22.2,65,67,23,5.4,42,12.4,34,22.4,23,22623,78,2.6,59,35,28,97.2,74,60.2,44,12.1,84,89.9,51,0.4,31,0.6,55,4.4,68
98672,White Salmon,WA,37769,47,156.4,77,25.8,92,69.1,27,5.3,35,19.5,62,31.3,63,5149,39,2.5,37,39.2,72,97.7,76,66.3,81,10,60,82.7,38,0.1,17,0.2,32,11.6,83
98368,Port Townsend,WA,38100,48,178.5,83,25.5,91,70.6,30,5.2,28,34.9,85,35.6,75,12736,62,2.1,3,47.4,97,87.7,26,56.2,26,17,99,92.2,58,0.3,28,1.2,69,1.9,49
98408,Tacoma,WA,38030,48,113.7,59,24.9,89,66.3,22,5.3,34,11.5,29,22.3,22,29121,85,2.6,60,34.1,21,92.4,51,51.6,15,14.8,96,65.9,21,10.3,77,7,94,6.9,76
98632,Longview,WA,38195,48,139.5,71,21.7,59,63.1,18,5.4,42,14.7,45,24.7,34,47215,96,2.5,46,36.8,46,92,49,57.7,32,13,90,88.5,48,0.5,34,2.1,79,5,70
98108,Seattle,WA,38413,49,192,85,26.5,95,55.8,11,4.8,10,17.8,57,22.8,25,21376,76,3,90,34.6,25,102.8,89,49.8,12,9.7,54,22.5,4,14.2,81,41.7,99,12.3,84
98261,Lopez Island,WA,38594,49,300.7,95,27.6,96,79,57,4.8,11,47.3,93,42.6,86,2304,15,2,1,48.9,98,96,69,66.5,82,9.6,54,92.7,59,0,3,0.2,31,5.5,72
98584,Shelton,WA,38543,49,124.6,64,23.8,82,75.8,45,5.3,37,14.7,45,25.8,40,31065,87,2.7,72,38,59,106.4,93,56.3,27,13.5,92,83.3,39,1.5,50,0.8,62,5.8,73
98938,Outlook,WA,38700,50,118.4,61,20.7,45,70.1,29,6.1,81,11.4,29,23.7,29,2143,13,3.3,95,29.7,6,115,96,59.9,42,4.4,2,42.5,10,0,0,0,0,56.6,97
98546,Grapeview,WA,39331,51,184.8,84,25.7,92,84.4,79,5.2,32,17.3,55,30.9,62,2164,13,2.4,18,46.5,97,98.4,78,69.3,92,9.6,54,93.9,63,0.3,28,1.1,68,0.7,24
98596,Winlock,WA,39179,51,137.8,70,23.8,82,79.9,61,5.6,59,9.9,21,20.7,15,6589,46,2.7,67,38.1,60,99,80,63.8,66,8.6,38,92,57,0,2,0.5,49,5.1,71
98663,Vancouver,WA,39022,51,146.6,73,24.5,87,58.4,13,5.2,26,20.5,64,28.2,51,13969,64,2.4,25,36.4,42,95.5,67,48.7,10,18.3,99,85.5,42,2.5,57,0.6,56,6.2,74
98532,Chehalis,WA,39614,52,142.4,72,23.3,78,71.5,33,5.7,62,16.3,52,26.8,45,20040,74,2.6,58,36.5,43,94.8,63,62.6,58,9.9,58,91.6,55,0.6,37,0.4,47,4.4,68
99006,Deer Park,WA,39663,52,122.9,63,24.6,87,81.2,66,5.5,53,12.9,36,24.2,32,9028,53,2.8,78,37.5,54,94.8,63,66.6,82,8.7,40,95.6,71,0,5,0,1,1.3,38
99011,Deer Park,WA,39663,52,122.9,63,24.6,87,81.2,66,5.5,53,12.9,36,24.2,32,9028,53,2.8,78,37.5,54,94.8,63,66.6,82,8.7,40,95.6,71,0,5,0,1,1.3,38
99016,Deer Park,WA,39663,52,122.9,63,24.6,87,81.2,66,5.5,53,12.9,36,24.2,32,9028,53,2.8,78,37.5,54,94.8,63,66.6,82,8.7,40,95.6,71,0,5,0,1,1.3,38
99016,Deer Park,WA,39663,52,122.9,63,24.6,87,81.2,66,5.5,53,12.9,36,24.2,32,9028,53,2.8,78,37.5,54,94.8,63,66.6,82,8.7,40,95.6,71,0,5,0,1,1.3,38
99017,Deer Park,WA,39663,52,122.9,63,24.6,87,81.2,66,5.5,53,12.9,36,24.2,32,9028,53,2.8,78,37.5,54,94.8,63,66.6,82,8.7,40,95.6,71,0,5,0,1,1.3,38
99019,Deer Park,WA,39663,52,122.9,63,24.6,87,81.2,66,5.5,53,12.9,36,24.2,32,9028,53,2.8,78,37.5,54,94.8,63,66.6,82,8.7,40,95.6,71,0,5,0,1,1.3,38
99021,Deer Park,WA,39663,52,122.9,63,24.6,87,81.2,66,5.5,53,12.9,36,24.2,32,9028,53,2.8,78,37.5,54,94.8,63,66.6,82,8.7,40,95.6,71,0,5,0,1,1.3,38
99022,Deer Park,WA,39663,52,122.9,63,24.6,87,81.2,66,5.5,53,12.9,36,24.2,32,9028,53,2.8,78,37.5,54,94.8,63,66.6,82,8.7,40,95.6,71,0,5,0,1,1.3,38
99025,Deer Park,WA,39663,52,122.9,63,24.6,87,81.2,66,5.5,53,12.9,36,24.2,32,9028,53,2.8,78,37.5,54,94.8,63,66.6,82,8.7,40,95.6,71,0,5,0,1,1.3,38
99026,Deer Park,WA,39663,52,122.9,63,24.6,87,81.2,66,5.5,53,12.9,36,24.2,32,9028,53,2.8,78,37.5,54,94.8,63,66.6,82,8.7,40,95.6,71,0,5,0,1,1.3,38
99027,Deer Park,WA,39663,52,122.9,63,24.6,87,81.2,66,5.5,53,12.9,36,24.2,32,9028,53,2.8,78,37.5,54,94.8,63,66.6,82,8.7,40,95.6,71,0,5,0,1,1.3,38
99029,Deer Park,WA,39663,52,122.9,63,24.6,87,81.2,66,5.5,53,12.9,36,24.2,32,9028,53,2.8,78,37.5,54,94.8,63,66.6,82,8.7,40,95.6,71,0,5,0,1,1.3,38
99030,Deer Park,WA,39663,52,122.9,63,24.6,87,81.2,66,5.5,53,12.9,36,24.2,32,9028,53,2.8,78,37.5,54,94.8,63,66.6,82,8.7,40,95.6,71,0,5,0,1,1.3,38
99031,Deer Park,WA,39663,52,122.9,63,24.6,87,81.2,66,5.5,53,12.9,36,24.2,32,9028,53,2.8,78,37.5,54,94.8,63,66.6,82,8.7,40,95.6,71,0,5,0,1,1.3,38
99032,Deer Park,WA,39663,52,122.9,63,24.6,87,81.2,66,5.5,53,12.9,36,24.2,32,9028,53,2.8,78,37.5,54,94.8,63,66.6,82,8.7,40,95.6,71,0,5,0,1,1.3,38
99033,Deer Park,WA,39663,52,122.9,63,24.6,87,81.2,66,5.5,53,12.9,36,24.2,32,9028,53,2.8,78,37.5,54,94.8,63,66.6,82,8.7,40,95.6,71,0,5,0,1,1.3,38
99037,Deer Park,WA,39663,52,122.9,63,24.6,87,81.2,66,5.5,53,12.9,36,24.2,32,9028,53,2.8,78,37.5,54,94.8,63,66.6,82,8.7,40,95.6,71,0,5,0,1,1.3,38
99040,Deer Park,WA,39663,52,122.9,63,24.6,87,81.2,66,5.5,53,12.9,36,24.2,32,9028,53,2.8,78,37.5,54,94.8,63,66.6,82,8.7,40,95.6,71,0,5,0,1,1.3,38
99101,Deer Park,WA,39663,52,122.9,63,24.6,87,81.2,66,5.5,53,12.9,36,24.2,32,9028,53,2.8,78,37.5,54,94.8,63,66.6,82,8.7,40,95.6,71,0,5,0,1,1.3,38
99103,Deer Park,WA,39663,52,122.9,63,24.6,87,81.2,66,5.5,53,12.9,36,24.2,32,9028,53,2.8,78,37.5,54,94.8,63,66.6,82,8.7,40,95.6,71,0,5,0,1,1.3,38
99105,Deer Park,WA,39663,52,122.9,63,24.6,87,81.2,66,5.5,53,12.9,36,24.2,32,9028,53,2.8,78,37.5,54,94.8,63,66.6,82,8.7,40,95.6,71,0,5,0,1,1.3,38
99109,Deer Park,WA,39663,52,122.9,63,24.6,87,81.2,66,5.5,53,12.9,36,24.2,32,9028,53,2.8,78,37.5,54,94.8,63,66.6,82,8.7,40,95.6,71,0,5,0,1,1.3,38
99111,Deer Park,WA,39663,52,122.9,63,24.6,87,81.2,66,5.5,53,12.9,36,24.2,32,9028,53,2.8,78,37.5,54,94.8,63,66.6,82,8.7,40,95.6,71,0,5,0,1,1.3,38
99113,Deer Park,WA,39663,52,122.9,63,24.6,87,81.2,66,5.5,53,12.9,36,24.2,32,9028,53,2.8,78,37.5,54,94.8,63,66.6,82,8.7,40,95.6,71,0,5,0,1,1.3,38
99114,Deer Park,WA,39663,52,122.9,63,24.6,87,81.2,66,5.5,53,12.9,36,24.2,32,9028,53,2.8,78,37.5,54,94.8,63,66.6,82,8.7,40,95.6,71,0,5,0,1,1.3,38
99115,Deer Park,WA,39663,52,122.9,63,24.6,87,81.2,66,5.5,53,12.9,36,24.2,32,9028,53,2.8,78,37.5,54,94.8,63,66.6,82,8.7,40,95.6,71,0,5,0,1,1.3,38
99116,Deer Park,WA,39663,52,122.9,63,24.6,87,81.2,66,5.5,53,12.9,36,24.2,32,9028,53,2.8,78,37.5,54,94.8,63,66.6,82,8.7,40,95.6,71,0,5,0,1,1.3,38
99117,Deer Park,WA,39663,52,122.9,63,24.6,87,81.2,66,5.5,53,12.9,36,24.2,32,9028,53,2.8,78,37.5,54,94.8,63,66.6,82,8.7,40,95.6,71,0,5,0,1,1.3,38
99118,Deer Park,WA,39663,52,122.9,63,24.6,87,81.2,66,5.5,53,12.9,36,24.2,32,9028,53,2.8,78,37.5,54,94.8,63,66.6,82,8.7,40,95.6,71,0,5,0,1,1.3,38
99119,Deer Park,WA,39663,52,122.9,63,24.6,87,81.2,66,5.5,53,12.9,36,24.2,32,9028,53,2.8,78,37.5,54,94.8,63,66.6,82,8.7,40,95.6,71,0,5,0,1,1.3,38
99122,Deer Park,WA,39663,52,122.9,63,24.6,87,81.2,66,5.5,53,12.9,36,24.2,32,9028,53,2.8,78,37.5,54,94.8,63,66.6,82,8.7,40,95.6,71,0,5,0,1,1.3,38
99125,Deer Park,WA,39663,52,122.9,63,24.6,87,81.2,66,5.5,53,12.9,36,24.2,32,9028,53,2.8,78,37.5,54,94.8,63,66.6,82,8.7,40,95.6,71,0,5,0,1,1.3,38
99130,Deer Park,WA,39663,52,122.9,63,24.6,87,81.2,66,5.5,53,12.9,36,24.2,32,9028,53,2.8,78,37.5,54,94.8,63,66.6,82,8.7,40,95.6,71,0,5,0,1,1.3,38
99131,Deer Park,WA,39663,52,122.9,63,24.6,87,81.2,66,5.5,53,12.9,36,24.2,32,9028,53,2.8,78,37.5,54,94.8,63,66.6,82,8.7,40,95.6,71,0,5,0,1,1.3,38
99133,Deer Park,WA,39663,52,122.9,63,24.6,87,81.2,66,5.5,53,12.9,36,24.2,32,9028,53,2.8,78,37.5,54,94.8,63,66.6,82,8.7,40,95.6,71,0,5,0,1,1.3,38
99134,Deer Park,WA,39663,52,122.9,63,24.6,87,81.2,66,5.5,53,12.9,36,24.2,32,9028,53,2.8,78,37.5,54,94.8,63,66.6,82,8.7,40,95.6,71,0,5,0,1,1.3,38
99137,Deer Park,WA,39663,52,122.9,63,24.6,87,81.2,66,5.5,53,12.9,36,24.2,32,9028,53,2.8,78,37.5,54,94.8,63,66.6,82,8.7,40,95.6,71,0,5,0,1,1.3,38
99138,Deer Park,WA,39663,52,122.9,63,24.6,87,81.2,66,5.5,53,12.9,36,24.2,32,9028,53,2.8,78,37.5,54,94.8,63,66.6,82,8.7,40,95.6,71,0,5,0,1,1.3,38
99139,Deer Park,WA,39663,52,122.9,63,24.6,87,81.2,66,5.5,53,12.9,36,24.2,32,9028,53,2.8,78,37.5,54,94.8,63,66.6,82,8.7,40,95.6,71,0,5,0,1,1.3,38
99140,Deer Park,WA,39663,52,122.9,63,24.6,87,81.2,66,5.5,53,12.9,36,24.2,32,9028,53,2.8,78,37.5,54,94.8,63,66.6,82,8.7,40,95.6,71,0,5,0,1,1.3,38
99141,Deer Park,WA,39663,52,122.9,63,24.6,87,81.2,66,5.5,53,12.9,36,24.2,32,9028,53,2.8,78,37.5,54,94.8,63,66.6,82,8.7,40,95.6,71,0,5,0,1,1.3,38
99143,Deer Park,WA,39663,52,122.9,63,24.6,87,81.2,66,5.5,53,12.9,36,24.2,32,9028,53,2.8,78,37.5,54,94.8,63,66.6,82,8.7,40,95.6,71,0,5,0,1,1.3,38
99148,Deer Park,WA,39663,52,122.9,63,24.6,87,81.2,66,5.5,53,12.9,36,24.2,32,9028,53,2.8,78,37.5,54,94.8,63,66.6,82,8.7,40,95.6,71,0,5,0,1,1.3,38
99153,Deer Park,WA,39663,52,122.9,63,24.6,87,81.2,66,5.5,53,12.9,36,24.2,32,9028,53,2.8,78,37.5,54,94.8,63,66.6,82,8.7,40,95.6,71,0,5,0,1,1.3,38
99155,Deer Park,WA,39663,52,122.9,63,24.6,87,81.2,66,5.5,53,12.9,36,24.2,32,9028,53,2.8,78,37.5,54,94.8,63,66.6,82,8.7,40,95.6,71,0,5,0,1,1.3,38
99156,Deer Park,WA,39663,52,122.9,63,24.6,87,81.2,66,5.5,53,12.9,36,24.2,32,9028,53,2.8,78,37.5,54,94.8,63,66.6,82,8.7,40,95.6,71,0,5,0,1,1.3,38
99157,Deer Park,WA,39663,52,122.9,63,24.6,87,81.2,66,5.5,53,12.9,36,24.2,32,9028,53,2.8,78,37.5,54,94.8,63,66.6,82,8.7,40,95.6,71,0,5,0,1,1.3,38
99158,Deer Park,WA,39663,52,122.9,63,24.6,87,81.2,66,5.5,53,12.9,36,24.2,32,9028,53,2.8,78,37.5,54,94.8,63,66.6,82,8.7,40,95.6,71,0,5,0,1,1.3,38
99159,Deer Park,WA,39663,52,122.9,63,24.6,87,81.2,66,5.5,53,12.9,36,24.2,32,9028,53,2.8,78,37.5,54,94.8,63,66.6,82,8.7,40,95.6,71,0,5,0,1,1.3,38
99160,Deer Park,WA,39663,52,122.9,63,24.6,87,81.2,66,5.5,53,12.9,36,24.2,32,9028,53,2.8,78,37.5,54,94.8,63,66.6,82,8.7,40,95.6,71,0,5,0,1,1.3,38
99161,Deer Park,WA,39663,52,122.9,63,24.6,87,81.2,66,5.5,53,12.9,36,24.2,32,9028,53,2.8,78,37.5,54,94.8,63,66.6,82,8.7,40,95.6,71,0,5,0,1,1.3,38
99163,Deer Park,WA,39663,52,122.9,63,24.6,87,81.2,66,5.5,53,12.9,36,24.2,32,9028,53,2.8,78,37.5,54,94.8,63,66.6,82,8.7,40,95.6,71,0,5,0,1,1.3,38
99166,Deer Park,WA,39663,52,122.9,63,24.6,87,81.2,66,5.5,53,12.9,36,24.2,32,9028,53,2.8,78,37.5,54,94.8,63,66.6,82,8.7,40,95.6,71,0,5,0,1,1.3,38
99169,Deer Park,WA,39663,52,122.9,63,24.6,87,81.2,66,5.5,53,12.9,36,24.2,32,9028,53,2.8,78,37.5,54,94.8,63,66.6,82,8.7,40,95.6,71,0,5,0,1,1.3,38
99170,Deer Park,WA,39663,52,122.9,63,24.6,87,81.2,66,5.5,53,12.9,36,24.2,32,9028,53,2.8,78,37.5,54,94.8,63,66.6,82,8.7,40,95.6,71,0,5,0,1,1.3,38
99171,Deer Park,WA,39663,52,122.9,63,24.6,87,81.2,66,5.5,53,12.9,36,24.2,32,9028,53,2.8,78,37.5,54,94.8,63,66.6,82,8.7,40,95.6,71,0,5,0,1,1.3,38
99173,Deer Park,WA,39663,52,122.9,63,24.6,87,81.2,66,5.5,53,12.9,36,24.2,32,9028,53,2.8,78,37.5,54,94.8,63,66.6,82,8.7,40,95.6,71,0,5,0,1,1.3,38
99174,Deer Park,WA,39663,52,122.9,63,24.6,87,81.2,66,5.5,53,12.9,36,24.2,32,9028,53,2.8,78,37.5,54,94.8,63,66.6,82,8.7,40,95.6,71,0,5,0,1,1.3,38
99181,Deer Park,WA,39663,52,122.9,63,24.6,87,81.2,66,5.5,53,12.9,36,24.2,32,9028,53,2.8,78,37.5,54,94.8,63,66.6,82,8.7,40,95.6,71,0,5,0,1,1.3,38
99185,Deer Park,WA,39663,52,122.9,63,24.6,87,81.2,66,5.5,53,12.9,36,24.2,32,9028,53,2.8,78,37.5,54,94.8,63,66.6,82,8.7,40,95.6,71,0,5,0,1,1.3,38
99201,Deer Park,WA,39663,52,122.9,63,24.6,87,81.2,66,5.5,53,12.9,36,24.2,32,9028,53,2.8,78,37.5,54,94.8,63,66.6,82,8.7,40,95.6,71,0,5,0,1,1.3,38
99202,Deer Park,WA,39663,52,122.9,63,24.6,87,81.2,66,5.5,53,12.9,36,24.2,32,9028,53,2.8,78,37.5,54,94.8,63,66.6,82,8.7,40,95.6,71,0,5,0,1,1.3,38
99203,Deer Park,WA,39663,52,122.9,63,24.6,87,81.2,66,5.5,53,12.9,36,24.2,32,9028,53,2.8,78,37.5,54,94.8,63,66.6,82,8.7,40,95.6,71,0,5,0,1,1.3,38
99204,Deer Park,WA,39663,52,122.9,63,24.6,87,81.2,66,5.5,53,12.9,36,24.2,32,9028,53,2.8,78,37.5,54,94.8,63,66.6,82,8.7,40,95.6,71,0,5,0,1,1.3,38
99205,Deer Park,WA,39663,52,122.9,63,24.6,87,81.2,66,5.5,53,12.9,36,24.2,32,9028,53,2.8,78,37.5,54,94.8,63,66.6,82,8.7,40,95.6,71,0,5,0,1,1.3,38
99206,Deer Park,WA,39663,52,122.9,63,24.6,87,81.2,66,5.5,53,12.9,36,24.2,32,9028,53,2.8,78,37.5,54,94.8,63,66.6,82,8.7,40,95.6,71,0,5,0,1,1.3,38
99206,Deer Park,WA,39663,52,122.9,63,24.6,87,81.2,66,5.5,53,12.9,36,24.2,32,9028,53,2.8,78,37.5,54,94.8,63,66.6,82,8.7,40,95.6,71,0,5,0,1,1.3,38
99207,Deer Park,WA,39663,52,122.9,63,24.6,87,81.2,66,5.5,53,12.9,36,24.2,32,9028,53,2.8,78,37.5,54,94.8,63,66.6,82,8.7,40,95.6,71,0,5,0,1,1.3,38
99208,Deer Park,WA,39663,52,122.9,63,24.6,87,81.2,66,5.5,53,12.9,36,24.2,32,9028,53,2.8,78,37.5,54,94.8,63,66.6,82,8.7,40,95.6,71,0,5,0,1,1.3,38
99212,Deer Park,WA,39663,52,122.9,63,24.6,87,81.2,66,5.5,53,12.9,36,24.2,32,9028,53,2.8,78,37.5,54,94.8,63,66.6,82,8.7,40,95.6,71,0,5,0,1,1.3,38
99216,Deer Park,WA,39663,52,122.9,63,24.6,87,81.2,66,5.5,53,12.9,36,24.2,32,9028,53,2.8,78,37.5,54,94.8,63,66.6,82,8.7,40,95.6,71,0,5,0,1,1.3,38
99216,Deer Park,WA,39663,52,122.9,63,24.6,87,81.2,66,5.5,53,12.9,36,24.2,32,9028,53,2.8,78,37.5,54,94.8,63,66.6,82,8.7,40,95.6,71,0,5,0,1,1.3,38
99217,Deer Park,WA,39663,52,122.9,63,24.6,87,81.2,66,5.5,53,12.9,36,24.2,32,9028,53,2.8,78,37.5,54,94.8,63,66.6,82,8.7,40,95.6,71,0,5,0,1,1.3,38
99218,Deer Park,WA,39663,52,122.9,63,24.6,87,81.2,66,5.5,53,12.9,36,24.2,32,9028,53,2.8,78,37.5,54,94.8,63,66.6,82,8.7,40,95.6,71,0,5,0,1,1.3,38
99223,Deer Park,WA,39663,52,122.9,63,24.6,87,81.2,66,5.5,53,12.9,36,24.2,32,9028,53,2.8,78,37.5,54,94.8,63,66.6,82,8.7,40,95.6,71,0,5,0,1,1.3,38
99224,Deer Park,WA,39663,52,122.9,63,24.6,87,81.2,66,5.5,53,12.9,36,24.2,32,9028,53,2.8,78,37.5,54,94.8,63,66.6,82,8.7,40,95.6,71,0,5,0,1,1.3,38
99260,Deer Park,WA,39663,52,122.9,63,24.6,87,81.2,66,5.5,53,12.9,36,24.2,32,9028,53,2.8,78,37.5,54,94.8,63,66.6,82,8.7,40,95.6,71,0,5,0,1,1.3,38
99301,Deer Park,WA,39663,52,122.9,63,24.6,87,81.2,66,5.5,53,12.9,36,24.2,32,9028,53,2.8,78,37.5,54,94.8,63,66.6,82,8.7,40,95.6,71,0,5,0,1,1.3,38
99320,Deer Park,WA,39663,52,122.9,63,24.6,87,81.2,66,5.5,53,12.9,36,24.2,32,9028,53,2.8,78,37.5,54,94.8,63,66.6,82,8.7,40,95.6,71,0,5,0,1,1.3,38
99322,Deer Park,WA,39663,52,122.9,63,24.6,87,81.2,66,5.5,53,12.9,36,24.2,32,9028,53,2.8,78,37.5,54,94.8,63,66.6,82,8.7,40,95.6,71,0,5,0,1,1.3,38
99323,Deer Park,WA,39663,52,122.9,63,24.6,87,81.2,66,5.5,53,12.9,36,24.2,32,9028,53,2.8,78,37.5,54,94.8,63,66.6,82,8.7,40,95.6,71,0,5,0,1,1.3,38
99324,Deer Park,WA,39663,52,122.9,63,24.6,87,81.2,66,5.5,53,12.9,36,24.2,32,9028,53,2.8,78,37.5,54,94.8,63,66.6,82,8.7,40,95.6,71,0,5,0,1,1.3,38
99326,Deer Park,WA,39663,52,122.9,63,24.6,87,81.2,66,5.5,53,12.9,36,24.2,32,9028,53,2.8,78,37.5,54,94.8,63,66.6,82,8.7,40,95.6,71,0,5,0,1,1.3,38
99328,Deer Park,WA,39663,52,122.9,63,24.6,87,81.2,66,5.5,53,12.9,36,24.2,32,9028,53,2.8,78,37.5,54,94.8,63,66.6,82,8.7,40,95.6,71,0,5,0,1,1.3,38
99329,Deer Park,WA,39663,52,122.9,63,24.6,87,81.2,66,5.5,53,12.9,36,24.2,32,9028,53,2.8,78,37.5,54,94.8,63,66.6,82,8.7,40,95.6,71,0,5,0,1,1.3,38
99335,Deer Park,WA,39663,52,122.9,63,24.6,87,81.2,66,5.5,53,12.9,36,24.2,32,9028,53,2.8,78,37.5,54,94.8,63,66.6,82,8.7,40,95.6,71,0,5,0,1,1.3,38
99336,Deer Park,WA,39663,52,122.9,63,24.6,87,81.2,66,5.5,53,12.9,36,24.2,32,9028,53,2.8,78,37.5,54,94.8,63,66.6,82,8.7,40,95.6,71,0,5,0,1,1.3,38
99337,Deer Park,WA,39663,52,122.9,63,24.6,87,81.2,66,5.5,53,12.9,36,24.2,32,9028,53,2.8,78,37.5,54,94.8,63,66.6,82,8.7,40,95.6,71,0,5,0,1,1.3,38
99338,Deer Park,WA,39663,52,122.9,63,24.6,87,81.2,66,5.5,53,12.9,36,24.2,32,9028,53,2.8,78,37.5,54,94.8,63,66.6,82,8.7,40,95.6,71,0,5,0,1,1.3,38
99341,Deer Park,WA,39663,52,122.9,63,24.6,87,81.2,66,5.5,53,12.9,36,24.2,32,9028,53,2.8,78,37.5,54,94.8,63,66.6,82,8.7,40,95.6,71,0,5,0,1,1.3,38
99343,Deer Park,WA,39663,52,122.9,63,24.6,87,81.2,66,5.5,53,12.9,36,24.2,32,9028,53,2.8,78,37.5,54,94.8,63,66.6,82,8.7,40,95.6,71,0,5,0,1,1.3,38
99344,Deer Park,WA,39663,52,122.9,63,24.6,87,81.2,66,5.5,53,12.9,36,24.2,32,9028,53,2.8,78,37.5,54,94.8,63,66.6,82,8.7,40,95.6,71,0,5,0,1,1.3,38
99345,Deer Park,WA,39663,52,122.9,63,24.6,87,81.2,66,5.5,53,12.9,36,24.2,32,9028,53,2.8,78,37.5,54,94.8,63,66.6,82,8.7,40,95.6,71,0,5,0,1,1.3,38
99347,Deer Park,WA,39663,52,122.9,63,24.6,87,81.2,66,5.5,53,12.9,36,24.2,32,9028,53,2.8,78,37.5,54,94.8,63,66.6,82,8.7,40,95.6,71,0,5,0,1,1.3,38
99348,Deer Park,WA,39663,52,122.9,63,24.6,87,81.2,66,5.5,53,12.9,36,24.2,32,9028,53,2.8,78,37.5,54,94.8,63,66.6,82,8.7,40,95.6,71,0,5,0,1,1.3,38
99349,Deer Park,WA,39663,52,122.9,63,24.6,87,81.2,66,5.5,53,12.9,36,24.2,32,9028,53,2.8,78,37.5,54,94.8,63,66.6,82,8.7,40,95.6,71,0,5,0,1,1.3,38
99350,Deer Park,WA,39663,52,122.9,63,24.6,87,81.2,66,5.5,53,12.9,36,24.2,32,9028,53,2.8,78,37.5,54,94.8,63,66.6,82,8.7,40,95.6,71,0,5,0,1,1.3,38
99352,Deer Park,WA,39663,52,122.9,63,24.6,87,81.2,66,5.5,53,12.9,36,24.2,32,9028,53,2.8,78,37.5,54,94.8,63,66.6,82,8.7,40,95.6,71,0,5,0,1,1.3,38
99353,Deer Park,WA,39663,52,122.9,63,24.6,87,81.2,66,5.5,53,12.9,36,24.2,32,9028,53,2.8,78,37.5,54,94.8,63,66.6,82,8.7,40,95.6,71,0,5,0,1,1.3,38
99356,Deer Park,WA,39663,52,122.9,63,24.6,87,81.2,66,5.5,53,12.9,36,24.2,32,9028,53,2.8,78,37.5,54,94.8,63,66.6,82,8.7,40,95.6,71,0,5,0,1,1.3,38
99357,Deer Park,WA,39663,52,122.9,63,24.6,87,81.2,66,5.5,53,12.9,36,24.2,32,9028,53,2.8,78,37.5,54,94.8,63,66.6,82,8.7,40,95.6,71,0,5,0,1,1.3,38
99359,Deer Park,WA,39663,52,122.9,63,24.6,87,81.2,66,5.5,53,12.9,36,24.2,32,9028,53,2.8,78,37.5,54,94.8,63,66.6,82,8.7,40,95.6,71,0,5,0,1,1.3,38
99360,Deer Park,WA,39663,52,122.9,63,24.6,87,81.2,66,5.5,53,12.9,36,24.2,32,9028,53,2.8,78,37.5,54,94.8,63,66.6,82,8.7,40,95.6,71,0,5,0,1,1.3,38
99361,Deer Park,WA,39663,52,122.9,63,24.6,87,81.2,66,5.5,53,12.9,36,24.2,32,9028,53,2.8,78,37.5,54,94.8,63,66.6,82,8.7,40,95.6,71,0,5,0,1,1.3,38
99362,Deer Park,WA,39663,52,122.9,63,24.6,87,81.2,66,5.5,53,12.9,36,24.2,32,9028,53,2.8,78,37.5,54,94.8,63,66.6,82,8.7,40,95.6,71,0,5,0,1,1.3,38
99371,Deer Park,WA,39663,52,122.9,63,24.6,87,81.2,66,5.5,53,12.9,36,24.2,32,9028,53,2.8,78,37.5,54,94.8,63,66.6,82,8.7,40,95.6,71,0,5,0,1,1.3,38
99402,Deer Park,WA,39663,52,122.9,63,24.6,87,81.2,66,5.5,53,12.9,36,24.2,32,9028,53,2.8,78,37.5,54,94.8,63,66.6,82,8.7,40,95.6,71,0,5,0,1,1.3,38
99403,Deer Park,WA,39663,52,122.9,63,24.6,87,81.2,66,5.5,53,12.9,36,24.2,32,9028,53,2.8,78,37.5,54,94.8,63,66.6,82,8.7,40,95.6,71,0,5,0,1,1.3,38
98376,Quilcene,WA,39896,53,158.9,78,23.5,79,80.2,62,4.8,11,18.6,59,28.3,52,1812,8,2.4,17,44.7,95,105.9,92,55.6,24,15.9,98,88.7,49,0.4,31,0.6,55,1.1,35
98537,Cosmopolis,WA,39750,53,108.7,56,20.4,40,78.3,55,5.9,74,15.9,50,27.7,49,1797,8,2.5,31,39.9,77,95.1,65,61.6,51,10.5,66,90.8,53,0,2,0.3,38,4.9,70
98105,Seattle,WA,40246,54,381.4,97,22.1,64,37,3,4.1,3,68.9,99,51.2,93,39168,93,2.6,61,24.9,1,109.9,95,29.3,0,6.2,9,75.6,29,1.8,52,13,97,3.5,63
98273,Mount Vernon,WA,40304,54,159.7,78,24.5,87,59.7,15,5.2,26,20.5,64,26.8,45,25426,81,2.7,72,32,12,96.7,72,58.8,36,10.1,61,69.8,24,0.3,27,2.6,82,23.7,91
98273,Mount Vernon,WA,40304,54,159.7,78,24.5,87,59.7,15,5.2,26,20.5,64,26.8,45,25426,81,2.7,72,32,12,96.7,72,58.8,36,10.1,61,69.8,24,0.3,27,2.6,82,23.7,91
98312,Bremerton,WA,40133,54,133.8,68,23.5,80,58.3,13,5.2,26,17.5,56,30,59,31833,88,2.5,45,33.5,18,98.3,78,57.5,31,12.6,88,77.6,31,3.9,63,4.9,91,5.3,71
98312,Bremerton,WA,40133,54,133.8,68,23.5,80,58.3,13,5.2,26,17.5,56,30,59,31833,88,2.5,45,33.5,18,98.3,78,57.5,31,12.6,88,77.6,31,3.9,63,4.9,91,5.3,71
98815,Cashmere,WA,40256,54,163.5,79,25.1,90,66.3,22,5.4,42,17.6,56,29.5,57,7754,50,2.8,78,36,38,97.8,76,63.8,66,8.6,38,77.6,31,0.1,17,0.1,24,19.1,89
98188,Seattle,WA,40618,55,165.3,79,23.1,76,47.9,7,4.5,6,19.2,61,25.6,39,22269,77,2.3,14,34.3,23,103.5,90,48.8,11,15.3,97,55.5,15,11,78,12.2,97,11.8,84
98188,Seattle,WA,40618,55,165.3,79,23.1,76,47.9,7,4.5,6,19.2,61,25.6,39,22269,77,2.3,14,34.3,23,103.5,90,48.8,11,15.3,97,55.5,15,11,78,12.2,97,11.8,84
98106,Seattle,WA,40815,56,172.7,81,27,96,51.7,9,4.7,9,21.5,67,27,46,23106,78,2.7,71,31.9,12,94.6,62,47.5,9,12.6,87,44.7,10,10.9,78,25.5,99,10.6,82
98144,Seattle,WA,40693,56,245.1,92,24.2,85,51.4,8,4.7,9,34.2,84,40.6,84,25067,81,2.5,43,36.5,44,95.4,66,41.4,4,11.2,74,32.7,7,20.9,85,30.9,99,8.8,80
98230,Blaine,WA,40827,56,146,73,26.6,95,69.5,28,4.5,6,21.4,66,26.9,45,10704,58,2.4,24,39.9,77,95.1,65,62.3,56,11.7,81,87,45,2.1,55,1.1,68,6.3,74
98284,Sedro Woolley,WA,40851,56,143.9,72,24.2,85,74.1,40,5.3,36,13,37,23.9,30,22575,78,2.7,71,35.8,35,96,69,58,33,12.9,89,90,52,0.2,23,0.5,50,5.5,72
98826,Leavenworth,WA,40975,56,184.9,84,24.6,87,73.7,38,5,17,24.7,72,32.7,68,6546,45,2.4,23,42.7,91,94,60,66.7,83,9.9,58,91,54,0,2,0.1,22,6.1,74
98168,Seattle,WA,41097,57,155.8,77,24.7,88,58,13,4.7,9,13.9,41,23.4,28,30412,87,2.6,60,33.9,20,104.6,91,51.2,14,12.3,85,58.7,17,7.6,73,11.7,96,14,86
98168,Seattle,WA,41097,57,155.8,77,24.7,88,58,13,4.7,9,13.9,41,23.4,28,30412,87,2.6,60,33.9,20,104.6,91,51.2,14,12.3,85,58.7,17,7.6,73,11.7,96,14,86
98168,Seattle,WA,41097,57,155.8,77,24.7,88,58,13,4.7,9,13.9,41,23.4,28,30412,87,2.6,60,33.9,20,104.6,91,51.2,14,12.3,85,58.7,17,7.6,73,11.7,96,14,86
98597,Yelm,WA,41015,57,134.1,69,25.2,90,75.5,44,5.4,44,14.9,46,25.7,39,14475,65,2.7,70,35.1,29,90.5,40,59.4,39,13.9,94,87.6,46,1.8,53,0.7,59,3.7,64
98612,Cathlamet,WA,41053,57,157,77,19.4,23,76.7,48,5.8,69,16.1,51,32,66,2595,19,2.5,33,45.6,96,96.3,70,61.8,53,13.1,91,95.1,68,0.2,24,0.2,33,0.8,26
98922,Cle Elum,WA,41162,57,164.4,79,23.9,82,77.1,50,4.9,14,14.2,43,23.1,26,4687,36,2.3,11,43.4,93,100.6,84,63.7,65,14.6,96,95.1,68,0,4,0.5,50,1,32
98922,Cle Elum,WA,41162,57,164.4,79,23.9,82,77.1,50,4.9,14,14.2,43,23.1,26,4687,36,2.3,11,43.4,93,100.6,84,63.7,65,14.6,96,95.1,68,0,4,0.5,50,1,32
98133,Seattle,WA,41743,58,217.5,89,25.9,93,51.4,8,4.6,7,34,84,36.7,77,43121,95,2.2,8,38.1,61,89.5,35,44.9,6,12.3,85,70.1,24,4.2,64,14.3,97,5.2,71
98133,Seattle,WA,41743,58,217.5,89,25.9,93,51.4,8,4.6,7,34,84,36.7,77,43121,95,2.2,8,38.1,61,89.5,35,44.9,6,12.3,85,70.1,24,4.2,64,14.3,97,5.2,71
98563,Montesano,WA,41743,58,131.7,68,22.4,67,78.2,54,5.9,74,18,58,28.8,54,7323,48,2.5,38,39.7,76,92,49,60,42,11.4,77,94.1,64,0,3,0.3,38,0.8,26
98802,East Wenatchee,WA,41553,58,148.7,74,23.2,77,72.4,35,5.8,68,18.1,58,28.8,54,23173,78,2.7,71,36.5,43,89.6,35,63.3,62,11,73,83.2,39,0.2,23,0.8,61,13.8,85
98032,Kent,WA,42042,59,165.8,80,23.4,79,42.2,5,4.2,4,22.2,68,28.6,53,28756,85,2.3,15,32.8,15,100.8,85,47.5,9,16.8,98,66,21,8.7,75,7.6,94,11.3,83
98102,Seattle,WA,41850,59,344.5,96,21.7,59,25.6,1,3.1,0,64.6,98,58,97,19407,73,1.5,0,32.7,15,125.4,97,24.4,0,10.7,68,83,38,3,60,5.9,92,3.6,64
98277,Oak Harbor,WA,41891,59,164.6,79,25.4,91,56.2,12,5.4,41,22.8,69,28.4,52,36691,91,2.7,73,30.4,8,98.3,78,65.5,77,8.3,34,77.2,31,4.1,64,6.6,93,5.8,73
98579,Rochester,WA,41961,59,135.5,69,23.4,79,81.4,67,5.5,53,12.6,35,23.2,27,9903,56,2.8,79,34.1,21,96.6,71,62.6,58,11.2,75,86.3,44,0.6,37,0.9,64,7.2,76
98936,Moxee,WA,41984,59,111,58,23.1,76,73.3,37,5.4,44,10,21,22.7,24,3397,27,2.9,84,34.5,24,98.1,77,65.3,75,9.9,58,74.4,28,0.8,41,0.4,47,21.7,90
98936,Moxee,WA,41984,59,111,58,23.1,76,73.3,37,5.4,44,10,21,22.7,24,3397,27,2.9,84,34.5,24,98.1,77,65.3,75,9.9,58,74.4,28,0.8,41,0.4,47,21.7,90
98107,Seattle,WA,42195,60,276.6,94,24.4,86,35.3,3,4.1,3,47.1,93,45.3,89,18314,72,1.9,1,36.1,39,89.6,35,35.7,2,13.4,92,85.7,43,1.8,53,3.1,85,4.2,67
98125,Seattle,WA,42400,60,242.1,91,25.2,90,50.2,8,4.6,7,43.8,91,43.6,87,34926,90,2.1,4,37.2,51,90,37,46.3,8,11.1,73,68.9,23,4.5,65,14.4,97,6.1,74
98247,Everson,WA,42191,60,152.4,75,24.7,88,73,37,5.6,57,16.3,52,21.5,19,7812,50,2.9,85,32.3,13,102.4,88,65,74,8.3,34,82.9,38,0.2,23,1.3,71,9.7,81
98576,Rainier,WA,42420,60,130.7,67,27,96,84.8,80,5.7,66,12.3,33,24.7,34,3298,26,2.7,65,36.7,45,102.1,87,59,37,12.1,84,90.4,52,0.6,37,0.8,61,3.5,63
98055,Renton,WA,42758,61,185.3,84,23.6,80,48,7,4.4,5,24,71,32.3,67,26819,83,2.3,15,34.8,27,96.8,72,48.6,10,15.1,97,62.2,19,10.5,77,14.1,97,6.5,75
98245,Eastsound,WA,42633,61,298.6,95,28,97,67.6,24,4.7,9,37.3,87,29.3,56,3318,26,2.2,5,44.8,95,91.8,48,58.9,37,18.6,99,91.7,56,0,2,1.3,71,1.7,46
98003,Federal Way,WA,43027,62,165.1,79,23.5,80,51.5,8,4.9,12,22.8,69,29.9,59,42614,94,2.5,45,32.6,14,91.4,45,51.8,15,12.6,87,64.8,21,8.6,74,10.5,96,8.8,80
98221,Anacortes,WA,42996,62,201.3,87,25.8,92,72.2,34,5.7,62,29.4,79,34,71,18524,72,2.3,14,44.1,94,91.6,46,62.9,60,11.5,79,91.7,56,0.1,18,1.6,74,2.6,57
98325,Chimacum,WA,43140,62,142.6,72,18.1,7,80,61,5.3,38,19.3,61,29.7,58,1383,1,2.4,16,39.3,72,102.3,88,63.3,63,12.5,87,91.3,55,0,2,1,65,1.5,43
98665,Vancouver,WA,43162,62,163.7,79,23.4,79,62.9,18,5.6,55,20.9,65,31.2,63,20751,75,2.5,43,36.1,39,90,37,55.9,25,14.3,95,85.2,42,1.7,52,1.6,75,7.2,77
98528,Belfair,WA,43375,63,143.8,72,21.7,59,79.9,61,5.2,31,14.4,44,23.2,27,7939,50,2.5,39,38.1,60,103.6,90,61.2,49,12.3,86,89.7,51,0.8,41,1.3,71,3.6,64
98226,Bellingham,WA,44100,64,179.4,83,24.4,86,70.3,29,5.5,50,31.5,81,36.1,76,56513,98,2.5,46,36.2,40,93.1,55,58.3,34,9.9,57,85.4,42,0.5,34,3,84,3.9,66
98226,Bellingham,WA,44100,64,179.4,83,24.4,86,70.3,29,5.5,50,31.5,81,36.1,76,56513,98,2.5,46,36.2,40,93.1,55,58.3,34,9.9,57,85.4,42,0.5,34,3,84,3.9,66
98349,Lakebay,WA,44167,64,155.8,77,27.7,97,80.9,65,4.8,11,20.4,64,24.1,31,3630,29,2.5,35,39.4,73,115.6,96,61.8,53,13.7,93,89.5,50,0.2,23,0.5,50,4.1,67
98498,Lakewood,WA,43938,64,163.5,79,23.8,82,60.8,16,5.5,49,25.1,73,36.3,76,28612,85,2.4,28,38.8,68,93.4,56,59.2,38,12.9,89,67.1,22,10.8,77,7.8,94,6,74
98498,Lakewood,WA,43938,64,163.5,79,23.8,82,60.8,16,5.5,49,25.1,73,36.3,76,28612,85,2.4,28,38.8,68,93.4,56,59.2,38,12.9,89,67.1,22,10.8,77,7.8,94,6,74
98118,Seattle,WA,44697,65,206.6,88,26,93,61.8,17,5.1,21,27.3,76,32.7,68,40409,93,2.9,87,35.5,33,89.6,35,48.6,10,10,59,24.5,5,25.6,88,33.3,99,6.9,76
98233,Burlington,WA,44454,65,161.1,78,25.8,92,64.9,20,5.5,49,16,50,27,46,12461,61,2.7,70,34.2,22,93.1,54,62.3,56,10.6,68,78.4,32,0.5,34,1.6,75,16.7,88
98264,Lynden,WA,44531,65,175.1,82,25.1,90,70.2,29,6,77,21.3,66,28.9,55,16789,69,2.8,80,34.9,27,89.8,36,66.2,80,5.2,4,89.3,50,0,2,3.1,85,6.2,74
98366,Port Orchard,WA,44692,65,143.2,72,23.1,76,64,19,5.6,56,17.7,57,29.3,56,31643,88,2.6,60,35.2,30,96.1,69,58.9,37,12.6,88,84.4,41,2,54,3.1,85,3.9,66
98406,Tacoma,WA,44575,65,163,79,23.8,82,64.2,19,5.6,56,30.6,80,39.1,81,23407,79,2.4,27,36.5,44,82.7,9,48.1,10,11.8,81,82.9,38,4.7,66,3.8,88,3.1,61
98506,Olympia,WA,44775,65,155.5,76,22.5,69,60.7,15,5.3,34,36.9,86,42.8,86,17287,70,2.3,14,38.9,69,91,43,53.8,19,12.8,89,87,45,1.3,48,3.5,87,3.3,62
98506,Olympia,WA,44775,65,155.5,76,22.5,69,60.7,15,5.3,34,36.9,86,42.8,86,17287,70,2.3,14,38.9,69,91,43,53.8,19,12.8,89,87,45,1.3,48,3.5,87,3.3,62
99003,Chattaroy,WA,44345,65,154.9,76,25.3,91,90.6,95,6.3,89,15.3,48,30.1,59,4725,37,2.8,77,39.2,72,100.9,85,69.3,92,8,30,96.5,76,0,6,0.4,45,1.1,34
99003,Chattaroy,WA,44345,65,154.9,76,25.3,91,90.6,95,6.3,89,15.3,48,30.1,59,4725,37,2.8,77,39.2,72,100.9,85,69.3,92,8,30,96.5,76,0,6,0.4,45,1.1,34
98248,Ferndale,WA,45050,66,162.2,79,23.7,81,75.3,44,5.6,57,19,60,25.9,41,18521,72,2.8,80,35.1,29,96.5,71,63.1,61,10.6,68,84,40,0.2,23,1.4,72,7.1,76
98250,Friday Harbor,WA,45000,66,314.2,96,28.9,98,73.6,38,4.9,14,36.2,86,30,59,6894,47,2.2,6,46.5,97,90.3,39,59.8,41,15.5,97,94.5,66,0.1,18,0.2,32,2.5,55
98503,Lacey,WA,44902,66,140.7,71,22.5,69,58.1,13,5.4,41,24.9,73,32.3,67,32211,88,2.5,45,35.5,33,84.6,14,57.2,30,11.7,80,77.3,31,4,64,6.8,93,5.7,73
98611,Castle Rock,WA,44897,66,140.6,71,21.2,52,80.7,64,5.7,65,10.1,22,21.7,20,8197,51,2.6,55,39.4,73,94.7,63,63.7,65,10.4,65,93.5,62,0.2,23,0.4,46,2.8,58
98625,Kalama,WA,45083,66,153.7,76,22.3,66,79.4,59,5.8,70,15.3,48,27.1,46,4486,35,2.5,36,39.9,77,99.6,82,64.2,69,15.3,97,94.2,64,0.5,35,0.8,61,2.2,53
98047,Pacific,WA,45505,67,155.5,76,23.8,82,54.2,10,5,15,8.1,12,19.5,11,5164,39,2.7,67,30.4,7,94.2,60,51.1,14,17.5,99,83.1,38,0.6,36,3.7,87,6.9,76
98260,Langley,WA,45469,67,220.6,90,26.4,94,77.6,52,5.5,52,34.2,84,39.5,82,4895,38,2.4,22,45,95,89.3,34,60.6,46,14.9,96,94,64,0.3,28,2.1,79,1.2,38
98392,Suquamish,WA,45357,67,131.2,67,24.5,87,76.6,48,5.2,30,27.1,76,28.6,53,2387,16,2.4,19,37.5,54,91.2,44,51.1,14,17,99,79,33,0.2,23,3.3,86,3.3,62
98601,Amboy,WA,45380,67,185.9,84,28.8,98,83.4,75,5.7,65,9,16,24.7,34,2280,15,2.8,75,33.5,18,113,96,65.2,75,9.5,52,97.2,82,0.2,25,1.3,71,0,4
98674,Woodland,WA,45452,67,163.2,79,24.3,86,75.5,44,5.6,57,11.9,31,20.6,15,9155,54,2.7,68,35.7,34,100.2,83,64.5,70,9.8,56,88.8,49,0,2,0.2,31,6.4,75
98239,Coupeville,WA,46235,68,182.8,84,26,93,77.6,52,5.5,52,33.3,83,38.6,80,5845,42,2.3,12,46.5,97,89.5,35,66.5,82,10.1,61,89.9,51,1.4,49,1.9,78,4.2,67
98257,La Conner,WA,45870,68,202.7,87,24.5,87,73.6,38,5.4,44,30.6,80,35,74,3708,30,2.3,11,48.6,98,93,54,64.3,69,9.6,53,77.7,31,0.5,34,0.4,46,1.9,49
98407,Tacoma,WA,46025,68,162,79,23.7,81,65.9,21,5.5,49,31.5,82,39.1,81,20696,75,2.3,14,39.5,74,86.5,21,54.3,21,13,90,84.9,41,3.9,63,2.8,84,3.1,61
98407,Tacoma,WA,46025,68,162,79,23.7,81,65.9,21,5.5,49,31.5,82,39.1,81,20696,75,2.3,14,39.5,74,86.5,21,54.3,21,13,90,84.9,41,3.9,63,2.8,84,3.1,61
98589,Tenino,WA,46111,68,143.4,72,23.2,77,81.4,67,5.7,65,16.7,53,29.4,56,6475,45,2.6,54,38.2,62,97.5,75,62,54,11.1,74,90.7,53,0.3,28,2.8,83,3.2,61
98664,Vancouver,WA,45909,68,158.7,77,23.8,82,60.5,15,5.4,42,21.2,66,28.7,54,20450,75,2.4,26,36.5,43,88.1,28,56.4,27,13.2,91,85.5,42,2,54,4.1,89,4.7,69
98146,Seattle,WA,46321,69,196.3,86,24,84,63.1,18,5.3,34,20.5,64,29.5,57,25593,81,2.6,59,36.5,43,96.2,70,55.2,23,11.7,80,61,18,5.9,69,14,97,11.7,83
98146,Seattle,WA,46321,69,196.3,86,24,84,63.1,18,5.3,34,20.5,64,29.5,57,25593,81,2.6,59,36.5,43,96.2,70,55.2,23,11.7,80,61,18,5.9,69,14,97,11.7,83
98198,Seattle,WA,46628,69,182,83,23.8,82,57,12,5.1,20,20.6,65,29.4,57,33807,89,2.6,60,35.8,36,93.4,56,51.7,15,13.2,91,67.9,23,8.3,74,8.4,95,8.8,80
98198,Seattle,WA,46628,69,182,83,23.8,82,57,12,5.1,20,20.6,65,29.4,57,33807,89,2.6,60,35.8,36,93.4,56,51.7,15,13.2,91,67.9,23,8.3,74,8.4,95,8.8,80
98240,Custer,WA,46583,69,166.9,80,22.1,64,84.1,78,6,79,15.4,48,26.8,45,2561,19,2.8,75,36.9,48,94,59,65.1,74,7.9,28,95.3,69,0.4,32,0,11,1.4,40
98359,Olalla,WA,46278,69,142.7,72,22,62,85.4,82,6,80,18.7,60,30.4,60,3825,31,2.8,76,37.8,57,102,87,66.1,80,9,44,86.4,44,0.2,23,1.4,72,1.4,41
98371,Puyallup,WA,46268,69,167.5,80,23.6,80,70,29,5.4,43,20.1,63,31.2,63,20185,74,2.5,42,38.1,61,94.1,60,57.5,31,12.2,84,87.5,46,1.4,49,1.9,78,4.1,67
98371,Puyallup,WA,46268,69,167.5,80,23.6,80,70,29,5.4,43,20.1,63,31.2,63,20185,74,2.5,42,38.1,61,94.1,60,57.5,31,12.2,84,87.5,46,1.4,49,1.9,78,4.1,67
98671,Washougal,WA,46695,69,168.9,80,25.2,90,74.1,40,5.7,63,17.4,56,24.5,33,15109,66,2.6,57,36.4,42,97.5,75,60.6,46,11.4,77,93.5,62,0.3,28,0.4,46,2.2,52
98942,Selah,WA,46418,69,152.2,75,23.3,78,74.4,41,5.8,68,21.5,67,32.4,67,15655,67,2.8,80,34.5,24,92.6,52,65.5,76,10.2,63,86.4,44,0.3,27,0,10,9.6,81
98043,Mountlake Terrace,WA,47210,70,183.2,84,24.9,89,59.5,14,5,16,24.3,72,29.9,59,20384,75,2.5,43,33.4,18,97.1,73,50.6,13,14.3,95,75.9,30,2.2,55,11.3,96,5.1,71
98274,Mount Vernon,WA,47136,70,174.9,82,24.2,85,75.9,46,5.5,52,22.1,68,31.9,65,13481,63,2.7,70,37.5,54,87.8,26,60.9,47,10.7,69,85.2,42,0.1,17,0.2,32,10.4,82
98388,Steilacoom,WA,46875,70,202.8,87,22.6,70,60,15,5.9,72,36.2,86,49,92,6183,44,2.3,12,38.5,65,90.6,41,60.4,45,13.4,92,76.7,30,5.7,69,7.1,94,4.3,68
98445,Tacoma,WA,46986,70,145.3,73,24.8,89,74.4,41,5.8,68,12.8,36,25.2,37,22044,77,2.7,71,35.3,31,92.3,50,59.2,38,12.5,87,69.2,24,7.5,73,7.1,94,4.9,70
98502,Olympia,WA,46776,70,194.1,86,22.2,65,57.5,12,5.2,26,45.2,92,45.6,89,26111,82,2.4,27,36.4,42,93.6,57,51.6,15,11.5,78,84,40,1.7,52,4.7,90,4,66
98126,Seattle,WA,47519,71,222,90,24.4,86,61,16,5,16,33.2,83,41.9,85,19435,73,2.2,7,36.8,47,89.1,33,49.9,12,12.3,85,69.3,24,6.8,71,11,96,7,76
98178,Seattle,WA,47461,71,190.2,85,26.5,94,69.3,27,5.5,50,23.1,70,32.4,67,21956,77,2.5,43,37.5,54,92.7,52,52.9,18,12.7,88,38.8,8,26.7,88,23.8,99,3.7,65
98251,Gold Bar,WA,47563,71,149.8,74,25.6,92,84.7,80,5.3,40,11.6,30,21.4,18,4202,33,2.6,52,33.9,20,112.4,96,62.7,59,13.1,91,90.9,54,0,2,1,65,2.4,55
98294,Sultan,WA,47331,71,178.9,83,26.7,95,78.9,57,5.6,58,11.9,31,21.9,21,5647,42,2.7,67,34.3,23,96.7,72,59.3,39,14.3,95,91.1,54,0.1,17,3.7,87,1,33
98328,Eatonville,WA,47728,71,166.2,80,25.9,93,81.4,67,5.7,65,14.5,44,24.4,33,8712,53,2.7,68,37.2,51,99.8,82,63.9,67,10.8,70,89.5,50,0.4,31,1.3,71,3.6,64
98466,Tacoma,WA,47286,71,178.1,82,23.7,81,54.5,10,5.3,33,32.8,83,39,81,24567,80,2.3,15,38,60,84.4,13,54.2,20,13.6,93,78.6,33,6.5,71,5.9,92,3.6,64
98466,Tacoma,WA,47286,71,178.1,82,23.7,81,54.5,10,5.3,33,32.8,83,39,81,24567,80,2.3,15,38,60,84.4,13,54.2,20,13.6,93,78.6,33,6.5,71,5.9,92,3.6,64
98466,Tacoma,WA,47286,71,178.1,82,23.7,81,54.5,10,5.3,33,32.8,83,39,81,24567,80,2.3,15,38,60,84.4,13,54.2,20,13.6,93,78.6,33,6.5,71,5.9,92,3.6,64
98501,Olympia,WA,47230,71,168.1,80,22.9,74,62.2,17,5.5,49,36.5,86,42.5,86,33292,89,2.4,28,37.4,53,89.9,37,55.2,23,13.9,94,86.2,44,0.9,42,3.4,86,4.1,67
98501,Olympia,WA,47230,71,168.1,80,22.9,74,62.2,17,5.5,49,36.5,86,42.5,86,33292,89,2.4,28,37.4,53,89.9,37,55.2,23,13.9,94,86.2,44,0.9,42,3.4,86,4.1,67
98580,Roy,WA,47585,71,152.8,75,27.7,97,83.9,77,5.8,71,12,32,23.3,27,9465,55,2.8,78,36.1,38,99,80,64.8,72,10,60,87.2,45,2.1,55,1.7,76,3.6,64
98662,Vancouver,WA,47623,71,150.9,75,24,83,67,23,5.6,56,18.8,60,30.1,59,23738,79,2.7,72,34.6,25,93.9,59,59.8,41,12.2,85,85.8,43,2.2,55,3.8,88,3.9,66
98662,Vancouver,WA,47623,71,150.9,75,24,83,67,23,5.6,56,18.8,60,30.1,59,23738,79,2.7,72,34.6,25,93.9,59,59.8,41,12.2,85,85.8,43,2.2,55,3.8,88,3.9,66
98372,Puyallup,WA,47927,72,173.8,81,24.4,86,62.8,18,5.3,34,20.7,65,30.4,60,20914,75,2.5,43,36.4,42,87.5,25,58.4,35,12.5,87,85.7,43,0.7,39,3.2,85,5.1,71
98372,Puyallup,WA,47927,72,173.8,81,24.4,86,62.8,18,5.3,34,20.7,65,30.4,60,20914,75,2.5,43,36.4,42,87.5,25,58.4,35,12.5,87,85.7,43,0.7,39,3.2,85,5.1,71
98908,Yakima,WA,48007,72,158.8,78,22,63,74.1,40,6,77,26.9,76,39,81,31682,88,2.5,45,39.1,71,88.7,31,65,73,8.9,43,85.4,42,0.5,34,1.6,75,9,80
98007,Bellevue,WA,48606,73,252.5,92,23.8,82,41.5,5,4.2,4,47.9,93,48.5,91,22814,78,2.2,7,32.7,15,100.6,84,51.8,15,10.7,68,61.1,18,2.7,58,20.3,98,10,81
98037,Lynnwood,WA,48602,73,208.6,88,25.3,91,54.6,10,5,16,24.7,73,34.1,71,43659,95,2.5,46,32.9,16,93,54,54.9,22,13.3,91,75.2,29,2.6,58,12.1,97,5,71
98103,Seattle,WA,49044,73,300.2,95,21.8,60,43.9,5,4.4,5,61.7,97,55.6,96,42011,94,1.9,1,33.7,20,97.8,76,36.5,2,11.3,75,83.2,39,2.2,55,5.6,92,4,66
98354,Milton,WA,48645,73,174.1,81,23.8,82,63.5,18,5.4,42,14.4,44,30.1,59,5730,42,2.4,22,38.1,61,87.6,25,57.2,30,12.9,89,88.2,48,0.8,41,3,84,3,60
98467,University Place,WA,48829,73,206.5,88,22.6,70,55.7,11,5.5,49,33.3,83,41.4,84,15190,67,2.6,57,33,16,86,19,60.5,45,11,72,67.3,22,11.9,79,9.4,95,4.7,69
98675,Yacolt,WA,48594,73,199.6,87,28.6,97,88.3,91,6,80,11.1,27,20.1,13,4914,38,3.6,97,31.1,9,120.6,97,71.7,96,7.3,21,90.6,53,3.3,61,0.4,48,2.3,53
98109,Seattle,WA,49531,74,356.6,97,23.4,79,32.8,3,3.4,1,57.9,97,58,97,16090,68,1.6,0,34.5,25,99.5,81,32.8,1,11.5,78,84.2,40,2.9,59,5.3,91,3.2,61
98119,Seattle,WA,49222,74,383.8,97,22.9,74,40.9,4,3.7,2,61.3,97,57.9,97,19493,73,1.9,1,33.4,18,97.1,73,33.6,1,12,82,85.9,43,1.6,51,4.8,90,3.5,63
98684,Vancouver,WA,49786,74,151.6,75,23.6,80,58.6,14,5.6,55,19.3,61,28.5,53,20781,75,2.7,71,31,9,96.5,71,59.5,40,12.9,89,83.8,40,1.5,50,4.2,89,4.4,68
98166,Seattle,WA,50310,75,255.8,93,24.3,86,68.1,25,5.9,72,32.9,83,40,83,20163,74,2.3,14,42,89,93.4,56,58.5,35,12.4,86,82,37,3,60,4.2,89,6.5,75
98166,Seattle,WA,50310,75,255.8,93,24.3,86,68.1,25,5.9,72,32.9,83,40,83,20163,74,2.3,14,42,89,93.4,56,58.5,35,12.4,86,82,37,3,60,4.2,89,6.5,75
98512,Olympia,WA,50286,75,161.6,78,23.7,81,68.1,25,5.5,50,32.4,82,40.8,84,23988,79,2.4,27,37.8,58,94.9,64,60.4,45,11.9,82,89.2,50,0.8,41,3.2,85,2.2,53
98512,Olympia,WA,50286,75,161.6,78,23.7,81,68.1,25,5.5,50,32.4,82,40.8,84,23988,79,2.4,27,37.8,58,94.9,64,60.4,45,11.9,82,89.2,50,0.8,41,3.2,85,2.2,53
98031,Kent,WA,50958,76,194.2,86,23.5,80,57.4,12,5.4,41,24.8,73,31.7,65,64181,99,2.7,74,31.7,11,93.8,58,57.4,31,11.2,75,67.7,23,6.8,71,12.3,97,6,74
98203,Everett,WA,50899,76,189.7,85,24.7,88,65.4,21,5.4,42,23.4,70,32,66,31615,88,2.5,45,35.7,35,94.9,64,59.6,40,13.2,91,83.2,39,2,54,5.4,91,4.5,69
98203,Everett,WA,50899,76,189.7,85,24.7,88,65.4,21,5.4,42,23.4,70,32,66,31615,88,2.5,45,35.7,35,94.9,64,59.6,40,13.2,91,83.2,39,2,54,5.4,91,4.5,69
98244,Deming,WA,50833,76,151.6,75,22,63,80,61,5.3,38,18.2,58,23.7,29,2459,17,2.7,64,36.6,44,109.6,95,61.8,53,6.2,10,84,40,0.2,23,0.1,25,2.8,58
98252,Granite Falls,WA,50870,76,172.2,81,27.1,96,76.9,49,5.3,37,13.8,41,22.9,25,6587,46,2.8,78,33.1,16,102.6,88,61.4,50,13,90,90.8,53,0.1,17,0.2,32,4.3,67
98346,Kingston,WA,50824,76,178.9,83,26,93,78.2,54,5.6,58,25.7,74,36.1,76,8389,52,2.6,55,38,60,98,77,61.9,53,11.3,76,83.8,40,0,1,2,78,2.6,57
98682,Vancouver,WA,50553,76,152.8,75,25.4,91,72.8,36,5.8,68,16.9,54,26.9,45,42977,95,2.9,87,29.7,6,98.7,79,61.1,49,11.7,80,85.1,42,1.4,49,3.8,88,4.5,68
98683,Vancouver,WA,50709,76,185.3,84,25,90,61.4,16,5.4,42,31.6,82,38.4,80,28203,84,2.4,28,34.4,24,92.3,50,62.3,56,11.2,75,79.4,34,2.1,55,8,94,4.5,69
98036,Lynnwood,WA,51296,77,208,88,23.7,81,62,17,5.5,49,25.1,73,34.1,71,33844,90,2.6,60,34.3,23,94.1,60,56.7,28,11,72,75.3,29,2.1,55,10.5,96,6,74
98036,Lynnwood,WA,51296,77,208,88,23.7,81,62,17,5.5,49,25.1,73,34.1,71,33844,90,2.6,60,34.3,23,94.1,60,56.7,28,11,72,75.3,29,2.1,55,10.5,96,6,74
98270,Marysville,WA,51126,77,184.6,84,24.9,89,68,25,5.7,62,18.6,59,28.8,54,34908,90,2.7,73,33.2,17,90.8,42,62.3,56,10.4,65,86.6,44,1,44,3.7,87,4.4,68
98383,Silverdale,WA,50991,77,177.5,82,24.7,88,58.1,13,5.8,67,30,80,39.7,82,19153,73,2.6,58,32.8,15,96.7,72,62.7,59,10.2,62,78.4,32,2.7,58,10,96,3.5,63
98387,Spanaway,WA,51318,77,145.1,73,24.2,85,77.7,52,5.8,69,13.2,38,24,31,35760,91,2.9,87,31.9,12,98.9,80,62.3,56,12,83,73.9,27,7.2,72,4.5,90,5.5,72
98516,Olympia,WA,51348,77,168.9,80,24.6,87,70,29,5.7,62,29.6,79,36.7,77,14611,66,2.6,57,36.8,47,91.9,48,61,48,12.2,85,76.8,30,4.4,65,7.9,94,5,70
98223,Arlington,WA,51736,78,193.1,86,25.2,90,77.9,53,5.6,58,15.9,50,27,46,33784,89,2.7,73,35.2,30,97.8,76,64.4,70,10.3,64,90.8,53,0.5,34,1.4,72,3.6,64
98329,Gig Harbor,WA,51984,78,149.2,74,22.5,69,85.8,84,5.8,71,17.8,57,30.6,61,9387,54,2.8,78,36.3,41,95.1,65,65.9,79,11.4,78,91.7,56,0.2,23,1.4,72,2.3,54
98370,Poulsbo,WA,51689,78,185.9,84,24.2,85,77.4,52,6,78,29.6,79,39.7,82,25302,81,2.6,59,39.2,72,92,49,64.6,71,9.6,53,88,47,0.2,23,1.5,73,4.2,67
98443,Tacoma,WA,51859,78,165.8,80,23.1,76,85,81,6.3,88,14.3,43,27.7,49,5667,42,2.7,67,39.8,76,91.2,44,62.9,60,9.9,58,87.7,46,3.3,61,1.7,76,1.7,46
98446,Tacoma,WA,51949,78,174.3,82,23.7,81,79.7,60,6,78,12.8,36,25.1,36,9518,55,2.7,69,37.9,58,94.9,64,59.8,41,11.2,75,84.6,41,5.3,68,1.6,75,2.5,56
98311,Bremerton,WA,52477,79,145.3,73,22.7,71,74,39,6.1,81,22.8,69,34.9,73,23604,79,2.8,81,35.4,32,93.5,57,63.5,64,8.8,41,76.2,30,4,64,8.5,95,3.6,64
98311,Bremerton,WA,52477,79,145.3,73,22.7,71,74,39,6.1,81,22.8,69,34.9,73,23604,79,2.8,81,35.4,32,93.5,57,63.5,64,8.8,41,76.2,30,4,64,8.5,95,3.6,64
98338,Graham,WA,52455,79,161.3,78,25.1,90,88,90,5.9,76,12.4,34,23.8,30,20719,75,2.9,86,34.7,26,98.1,77,66.9,84,9.1,46,89.2,50,1.5,50,1.3,71,2.9,59
98373,Puyallup,WA,52251,79,179.6,83,24.2,85,58.4,13,5.5,49,21.4,66,33.4,69,16595,69,2.5,42,33.3,17,94.5,62,60,43,12,83,85.1,42,2.3,56,2.8,84,3.4,62
98513,Olympia,WA,52497,79,146.5,73,23.4,79,79.9,61,5.9,74,25.4,74,35.2,74,24043,80,2.7,72,35.7,35,93.3,56,63.5,64,10.8,70,75,29,4.6,66,7.1,94,4.9,70
98513,Olympia,WA,52497,79,146.5,73,23.4,79,79.9,61,5.9,74,25.4,74,35.2,74,24043,80,2.7,72,35.7,35,93.3,56,63.5,64,10.8,70,75,29,4.6,66,7.1,94,4.9,70
98056,Renton,WA,53608,80,218.6,89,23.3,78,60.5,15,5.1,20,32.8,83,37.3,78,24363,80,2.3,14,35.3,31,96.2,70,54.8,22,11.9,82,70.8,25,4.7,66,12.6,97,6.8,76
98056,Renton,WA,53608,80,218.6,89,23.3,78,60.5,15,5.1,20,32.8,83,37.3,78,24363,80,2.3,14,35.3,31,96.2,70,54.8,22,11.9,82,70.8,25,4.7,66,12.6,97,6.8,76
98367,Port Orchard,WA,52974,80,158.3,77,24,83,87.4,88,6.2,86,20,63,28.8,54,24601,80,2.8,81,37.2,51,99,80,66.3,81,10.8,71,87.7,46,1.3,48,2.6,82,3,60
98629,La Center,WA,53060,80,205.1,87,25.3,91,88,90,6.1,83,17.3,55,27.6,49,7099,47,2.9,85,35.6,34,102.6,88,68.4,89,10.9,72,92.5,58,0,3,0.4,45,3.9,65
98022,Enumclaw,WA,54118,81,198.3,87,24.9,89,75.2,43,5.8,68,18.6,59,30.2,60,21830,77,2.7,71,37,49,93.1,55,60.8,47,10,59,91.1,54,0.6,37,0.8,61,4,66
98116,Seattle,WA,54563,81,313.6,96,22.8,73,56.9,12,5,16,46.9,92,50.9,93,20815,75,1.9,1,40.4,81,90.6,41,48.3,10,13.8,93,86.1,43,1.8,53,4.1,89,3.3,62
98271,Marysville,WA,54160,81,173.1,81,24.7,88,84.3,78,5.9,75,13.9,41,26.3,42,23421,79,2.9,86,35.4,32,100.6,84,63.6,65,10.9,72,81.6,36,0.4,31,2.1,79,4.6,69
98321,Buckley,WA,54602,81,171,81,25.8,92,82.9,73,6,79,12.9,37,24.7,34,14662,66,2.9,86,34.1,22,103.9,90,61,48,11.8,81,92.3,58,0.8,41,1.1,68,2.2,53
98232,Bow,WA,55019,82,215.6,89,25.9,93,83.3,75,6,79,34.4,84,39.6,82,3614,29,2.7,65,41.7,88,96,69,65.8,78,9.2,47,87.8,47,0,1,1.8,77,6.4,75
98232,Bow,WA,55019,82,215.6,89,25.9,93,83.3,75,6,79,34.4,84,39.6,82,3614,29,2.7,65,41.7,88,96,69,65.8,78,9.2,47,87.8,47,0,1,1.8,77,6.4,75
98292,Stanwood,WA,54889,82,203.2,87,24.3,85,82.9,73,5.7,65,21.7,67,31.8,65,31514,88,2.6,60,39.4,73,95.5,67,66.8,83,9.8,57,93.4,61,0.5,34,0.8,61,2.1,51
98327,Dupont,WA,54836,82,180.7,83,24.4,86,72,34,5.7,62,46,92,45.2,89,2173,14,2.4,18,34,21,93.7,58,67.3,85,11.1,74,74.7,28,5.9,70,8.6,95,5.7,73
98051,Ravensdale,WA,56414,83,239.1,91,27.1,96,81.3,67,5.8,70,14.5,44,30.1,59,2875,22,2.6,50,38.3,63,99,80,67.3,85,6.9,16,96.9,79,0,7,1,65,1,33
98117,Seattle,WA,55777,83,279.8,94,24.7,88,71.1,32,5.6,57,47.6,93,49.6,92,29868,86,2.2,8,38.4,64,92.6,52,50,12,12.3,85,85.1,42,0.9,42,5.6,92,3.5,63
98136,Seattle,WA,56455,83,305.6,95,23.6,80,64.1,19,5.4,42,46.7,92,52.1,94,13969,64,2,2,40.7,83,91.4,45,54.1,20,12.8,89,86.1,43,2.1,55,3.6,87,3.6,64
98155,Seattle,WA,55863,83,227,90,25,90,71.1,32,5.9,73,40,89,45.7,89,33958,90,2.5,45,39,70,93.4,56,56.8,28,10.5,66,77.5,31,2.3,56,11,96,3.2,61
98155,Seattle,WA,55863,83,227,90,25,90,71.1,32,5.9,73,40,89,45.7,89,33958,90,2.5,45,39,70,93.4,56,56.8,28,10.5,66,77.5,31,2.3,56,11,96,3.2,61
98208,Everett,WA,55952,83,211.3,88,24.5,87,67.8,24,5.9,72,23.9,71,35.1,74,45296,96,2.7,73,33.1,17,94.3,61,61,48,11.2,75,80.7,35,2.1,55,7.9,94,4.3,68
98272,Monroe,WA,55987,83,211.3,88,24.8,89,72.5,35,5.8,68,19.9,63,32,66,23059,78,3.1,93,32.8,15,122.3,97,65.7,78,9.2,47,86.2,44,1.9,53,1.4,73,7.1,76
98360,Orting,WA,56429,83,157.9,77,24.8,89,83.6,76,5.8,71,12.5,34,27.1,46,7432,49,2.8,78,34.3,23,108,94,66.2,80,9.5,52,90.9,54,0.2,23,0.9,63,3.1,60
98390,Sumner,WA,56175,83,171.6,81,25.2,90,79.9,61,6,78,17.8,57,27.5,48,45092,95,2.8,82,34.4,24,99.5,81,61.4,50,11.2,75,91.4,55,0.5,34,1,66,3.4,62
98390,Sumner,WA,56175,83,171.6,81,25.2,90,79.9,61,6,78,17.8,57,27.5,48,45092,95,2.8,82,34.4,24,99.5,81,61.4,50,11.2,75,91.4,55,0.5,34,1,66,3.4,62
98390,Sumner,WA,56175,83,171.6,81,25.2,90,79.9,61,6,78,17.8,57,27.5,48,45092,95,2.8,82,34.4,24,99.5,81,61.4,50,11.2,75,91.4,55,0.5,34,1,66,3.4,62
98604,Battle Ground,WA,56055,83,198.3,87,24.8,89,83.9,77,6.2,86,20.3,64,30.4,60,24731,80,3.1,93,33.1,16,94.5,62,67.6,87,8.7,40,93.7,62,0.1,18,0.9,63,2.4,55
98020,Edmonds,WA,56653,84,284.8,94,23.4,78,73.8,39,6.1,81,40.8,89,44.7,88,17942,71,2.2,7,46.1,96,81.7,7,58.1,33,11.6,79,91,54,0.6,37,2.8,83,1.8,48
98023,Federal Way,WA,57411,84,193.3,86,23.2,77,64.4,19,6,77,29.4,79,34.1,71,47500,96,2.7,74,32.9,16,94,59,59.6,40,11,72,68.2,23,6,70,12.8,97,6,74
98026,Edmonds,WA,56774,84,236.7,91,23.7,81,70.3,29,6.1,81,34.9,85,40.1,83,34760,90,2.5,45,38.6,66,89.6,35,60.3,44,11.3,76,82.4,37,1.1,46,8.4,95,3.6,64
98070,Vashon,WA,58261,85,290.7,95,24.4,86,79.7,60,5.7,64,48.8,93,48.8,92,10123,56,2.4,24,43.6,93,89.5,35,60.4,45,14.4,95,92.4,58,0.5,34,1.1,68,2.9,59
98115,Seattle,WA,58475,85,304.6,95,22.8,72,66.2,22,5.7,62,64.1,98,60.4,98,43263,95,2.2,8,36.9,48,91.1,44,50.5,13,9.5,51,82.9,38,1.5,50,8.3,95,2.8,58
98686,Vancouver,WA,58394,85,192.9,86,24,83,76.3,47,6.4,89,29.2,79,36.5,77,13393,63,2.7,70,37.1,50,95.4,66,66.4,81,9.2,47,89.5,50,1.1,46,1.5,74,4.6,69
98034,Kirkland,WA,60043,86,248.2,92,24.2,85,62.2,17,5.4,42,40.8,89,45,88,40127,93,2.4,29,34.6,25,91.5,46,53.8,19,12.6,87,79.2,33,0.8,41,9.9,96,5.6,72
98112,Seattle,WA,59693,86,491.6,98,21.9,61,54.5,10,5,16,67.7,98,63.7,98,20418,75,2,2,37.6,56,91.8,47,43.4,5,11.6,79,80.8,35,8.7,75,4,89,2.7,58
98199,Seattle,WA,59542,86,376.8,97,23.9,83,63.6,18,5.5,49,55.1,96,56.1,96,19287,73,2.1,4,40.5,82,92.3,50,55,23,10.9,71,85.9,43,1.6,51,5.6,92,3,60
98374,Puyallup,WA,58873,86,177.4,82,24.3,86,75.7,45,6.3,87,24.3,72,32.2,66,29246,85,2.8,81,33.1,16,94,59,65.7,78,9.3,49,86.7,45,2,54,2.4,81,3.8,65
98375,Puyallup,WA,59611,86,166.7,80,24.4,86,84,77,6.2,86,20.9,65,29,55,14207,65,3,90,32.5,14,92.6,52,62.9,60,11.1,74,83,38,1.8,52,4.6,90,4.6,69
98375,Puyallup,WA,59611,86,166.7,80,24.4,86,84,77,6.2,86,20.9,65,29,55,14207,65,3,90,32.5,14,92.6,52,62.9,60,11.1,74,83,38,1.8,52,4.6,90,4.6,69
98001,Auburn,WA,60534,87,183,84,23.1,76,83,74,6.4,90,21.4,67,29.6,57,25495,81,2.8,81,36.4,42,100.2,83,62.1,55,10.9,71,82.5,38,2.9,59,5.6,92,3.3,62
98005,Bellevue,WA,60173,87,343.8,96,25.1,90,55.4,11,5,16,55.7,96,55.9,96,17150,70,2.2,7,37.5,55,97,73,57.1,29,10.8,70,71.9,26,1.5,50,17.7,98,5.2,71
98065,Snoqualmie,WA,60658,87,224,90,24.7,88,76.6,48,5.8,69,31.1,81,36,76,3710,30,2.6,51,34.9,28,102.4,88,61.9,54,11,73,90.1,52,0,2,2.3,80,2.8,58
98335,Gig Harbor,WA,60483,87,225.9,90,24,83,73.8,39,6.3,87,40.3,89,42.6,86,23291,79,2.6,59,40.8,84,88,27,67.3,85,9.2,48,91.5,55,0.6,37,1.7,76,2.6,57
98642,Ridgefield,WA,60625,87,245,92,24,83,84,77,6.6,93,27.2,76,36.5,77,12528,62,2.7,70,40.2,80,97.2,74,67.2,85,9.9,58,92.6,59,0.7,39,1.4,72,1.6,45
98011,Bothell,WA,61329,88,245,92,23.9,83,66.3,22,5.8,67,40,89,42.7,86,26395,82,2.5,44,35.2,30,89.6,35,55.4,24,11.9,82,83.4,39,0.9,42,6.6,93,5,70
98024,Fall City,WA,62076,88,293.2,95,28.3,97,83.8,77,6.3,88,31.8,82,37.8,79,4981,38,2.7,66,37.9,59,94.5,62,64.9,73,10.2,63,90.4,52,1.1,46,1.5,74,3.5,63
98028,Kenmore,WA,61813,88,264.1,93,23.8,82,70.5,30,5.9,73,41.4,90,45,88,18194,72,2.5,42,37.4,53,95.5,67,58.3,34,11.1,74,84.5,41,0.7,39,6.5,93,3.9,66
98059,Renton,WA,61361,88,222.6,90,23.2,77,75.1,43,6.1,81,32.6,83,39.5,82,28181,84,2.6,60,35.8,36,97.7,76,62.4,57,9.7,55,79.2,33,2.9,59,8.4,95,5.7,73
98059,Renton,WA,61361,88,222.6,90,23.2,77,75.1,43,6.1,81,32.6,83,39.5,82,28181,84,2.6,60,35.8,36,97.7,76,62.4,57,9.7,55,79.2,33,2.9,59,8.4,95,5.7,73
98258,Lake Stevens,WA,61066,88,210.2,88,25,90,79.1,58,6.1,82,18.6,59,29.7,58,16637,69,2.8,80,34.3,23,99.7,82,63.1,61,10.7,69,91.9,57,0.6,37,0.5,51,2.9,59
98290,Snohomish,WA,61110,88,235.6,91,24.6,87,78.2,54,6.1,82,22.1,68,34.3,72,29742,86,2.9,87,36.7,46,95.2,65,61.3,50,11.8,81,92.1,57,0.2,23,1.2,69,2.8,58
98332,Gig Harbor,WA,61226,88,208.6,88,23.4,79,85.5,83,6.4,90,31.8,82,39,81,12975,62,2.7,70,40.6,82,81.9,8,66.3,80,8.9,43,89.5,50,1.9,53,1.4,73,3,60
98607,Camas,WA,61759,88,215.8,89,24.5,87,82.5,72,6.7,93,29.5,79,37.4,78,18256,72,2.8,80,35.4,32,93.1,54,68,88,8.8,41,91.2,54,0.2,23,3,84,2.3,54
98685,Vancouver,WA,61503,88,186,84,22.7,71,79.6,60,6.6,92,29.5,79,40.7,84,21223,76,2.7,71,37.6,56,90.6,41,62.9,60,10.6,68,89.7,51,0.7,39,3,84,2.4,55
99005,Colbert,WA,61098,88,185,84,23,75,92.8,97,7.4,98,33.3,83,42.8,86,6803,46,3.1,92,38.3,63,95.8,68,73.6,98,3.9,1,93.5,62,0.1,18,0.6,54,2.9,59
98004,Bellevue,WA,63358,89,424.9,98,23.6,80,60.6,15,5.3,34,57.7,96,54.4,95,22903,78,2.1,4,43.1,92,86.9,22,57.6,31,11.8,81,83.6,39,1.2,47,8.8,95,3,60
98021,Bothell,WA,63630,89,232.1,91,23.7,81,82.2,71,6.4,90,36.7,86,43.2,86,20308,75,2.7,71,37.3,52,95.2,65,63.1,61,10.5,66,85.9,43,0.4,31,7,93,3.2,61
98058,Renton,WA,63680,89,210.4,88,22.6,70,75.7,45,6.4,89,32.7,83,38.6,80,37695,92,2.7,73,35.8,36,96.2,70,62,54,10.4,65,74.3,28,4.7,66,12.1,97,3.8,65
98092,Auburn,WA,62478,89,217.5,89,23.3,78,79.7,60,6.5,91,24.9,73,37.5,78,24972,81,2.8,81,34.3,23,101.9,87,61.3,50,10.7,69,81.3,36,1.5,50,4.1,89,3.7,65
98422,Tacoma,WA,65267,90,212,88,25,90,79,57,6.4,89,34.5,84,39.7,82,19689,74,2.6,58,35.3,31,94.7,63,66.1,80,10.4,65,77.9,32,4.6,66,7.9,94,3.7,65
98606,Brush Prairie,WA,64855,90,268.7,94,23.3,77,91.8,96,7,96,30.1,80,41.1,84,8409,52,3,89,37.7,57,99.3,81,69.9,93,8.4,35,94.4,65,0.1,18,1.1,67,2.1,51
98010,Black Diamond,WA,66709,91,207.9,88,24.6,88,89.4,93,5.9,76,21.9,68,29.2,56,4435,35,2.7,66,35.9,37,92.3,50,68.5,90,9.1,46,86.6,44,0,1,1.8,77,6.9,76
98012,Bothell,WA,65730,91,252.2,92,24.5,87,73.3,37,6.2,84,37.8,87,43.7,87,38398,92,2.6,61,34.6,25,95.3,66,63.9,67,9.1,46,83.8,40,0.9,42,7.7,94,3.6,64
98012,Bothell,WA,65730,91,252.2,92,24.5,87,73.3,37,6.2,84,37.8,87,43.7,87,38398,92,2.6,61,34.6,25,95.3,66,63.9,67,9.1,46,83.8,40,0.9,42,7.7,94,3.6,64
98012,Bothell,WA,65730,91,252.2,92,24.5,87,73.3,37,6.2,84,37.8,87,43.7,87,38398,92,2.6,61,34.6,25,95.3,66,63.9,67,9.1,46,83.8,40,0.9,42,7.7,94,3.6,64
98014,Carnation,WA,66841,91,279,94,26.3,94,86.8,87,6.2,86,32.8,83,40,83,6936,47,2.8,78,35.7,35,100.9,85,66.6,82,10.5,67,91.1,54,0.1,17,2.2,80,2.5,56
98042,Kent,WA,66051,91,207.5,88,24.8,89,88.4,91,6.6,93,27.6,77,35.1,74,38249,92,2.9,87,35.3,31,96.9,73,66.3,81,8.5,37,87,45,2.1,55,3.6,87,2.8,58
98042,Kent,WA,66051,91,207.5,88,24.8,89,88.4,91,6.6,93,27.6,77,35.1,74,38249,92,2.9,87,35.3,31,96.9,73,66.3,81,8.5,37,87,45,2.1,55,3.6,87,2.8,58
98045,North Bend,WA,65674,91,249.5,92,24.8,89,78.1,54,6,78,33,83,39.5,82,13777,64,2.7,70,35.4,32,101.7,87,63.7,65,10.1,61,92,57,0.4,32,1.4,72,3.2,61
98177,Seattle,WA,65514,91,326.8,96,24.7,88,83.4,75,6.8,94,51.6,95,52.7,94,18829,72,2.5,42,44.3,94,89.1,33,63,60,8.7,39,85.5,42,1.6,51,5.9,92,2.3,54
98177,Seattle,WA,65514,91,326.8,96,24.7,88,83.4,75,6.8,94,51.6,95,52.7,94,18829,72,2.5,42,44.3,94,89.1,33,63,60,8.7,39,85.5,42,1.6,51,5.9,92,2.3,54
98008,Bellevue,WA,67391,92,280.2,94,23,75,75.4,44,6.6,92,46.6,92,46.9,90,23490,79,2.5,43,39.8,77,92.3,50,62.7,59,9,44,74.6,28,1.6,51,14.2,97,5.6,72
98033,Kirkland,WA,69073,92,326.1,96,23.8,82,64.2,19,5.5,49,51.5,95,52.3,94,30185,86,2.2,8,37.2,51,96,69,53.1,18,13.5,92,86.2,44,1.1,46,6.6,93,2.6,57
98038,Maple Valley,WA,68180,92,231.8,91,25.3,91,88.4,91,6.7,94,31.4,81,37.9,79,22453,77,2.9,86,34.6,25,99.4,81,70.8,95,8.3,34,90.8,53,0.6,37,2.3,81,2.8,58
98052,Redmond,WA,68923,92,293,95,22.7,72,58.2,13,5.2,26,53.3,95,56.9,96,50138,97,2.4,29,34.3,23,95.3,66,58.2,34,10.3,63,77.4,31,1,44,12.5,97,5.5,72
98275,Mukilteo,WA,67372,92,289.1,95,24.2,85,69.1,27,6.2,84,42.3,90,47.6,91,19264,73,2.7,71,36.4,42,97.6,75,64.6,71,9.9,58,79.9,34,2,54,11,96,3,60
98027,Issaquah,WA,70085,93,323.3,96,23,75,71,31,6.4,89,50.6,94,50.5,93,22271,77,2.5,43,38.2,62,88.9,32,61.3,49,10.3,63,87.1,45,0.4,31,5.6,92,3.3,62
98110,Bainbridge Island,WA,70110,93,355.8,97,24.2,85,78.3,55,6.4,89,60,97,56.2,96,20308,75,2.5,43,43,92,87.3,24,66.2,80,10.9,72,91.6,55,0.3,28,2.3,80,2.1,52
98019,Duvall,WA,72438,94,277.5,94,25.8,92,89.1,92,6.6,93,37.6,87,44.8,88,8162,51,2.8,78,34.5,25,96.2,70,70.8,95,10,60,91.5,55,1.6,51,0.2,35,3.6,63
98296,Snohomish,WA,77181,95,282.7,94,24.3,85,92.1,97,7.1,96,32.9,83,43.3,86,19202,73,3,90,35.7,35,99.1,80,68.8,91,8.1,31,88.7,48,0.7,39,4.1,89,2.2,53
98006,Bellevue,WA,81929,96,358.9,97,22.5,69,80.5,64,7.5,98,60.7,97,58.8,97,35140,90,2.6,60,39.1,71,94.2,61,68.1,88,8.1,31,74,28,1.1,45,19.5,98,2.1,52
98072,Woodinville,WA,82922,97,360.5,97,25.1,90,85.5,83,7.6,98,47.7,93,52.2,94,35549,91,2.9,87,37.1,50,98.2,77,68.5,90,6.5,12,87.3,46,0.8,41,5,91,3.6,64
98029,Issaquah,WA,91146,98,375.8,97,23.3,77,84,77,7.3,97,59.8,97,59.6,97,28497,85,2.9,87,36,38,90.8,42,74.2,98,5.9,8,83.4,39,0.6,36,9.9,95,2.2,53
98040,Mercer Island,WA,91904,98,605.1,99,23.6,80,80.3,63,7.5,98,69.1,99,65.3,99,22036,77,2.6,59,44.3,94,88.4,29,68.7,90,7.8,27,83,38,1.3,48,11,96,1.5,43
98053,Redmond,WA,96028,98,384.5,97,23.4,78,90.4,95,7.9,99,57.7,97,55.4,95,31050,87,3,91,35.3,31,97.9,76,72.3,97,5.8,7,87,45,0.6,37,6.2,93,2.7,58
98039,Medina,WA,132665,99,862.5,99,23.8,82,91.2,96,8.3,99,72.9,99,63.9,98,3037,24,2.7,64,42.9,92,90.2,39,77.5,99,5.4,5,91.8,56,0.3,28,3.4,86,3,60
